일자,특성추출,문서 식별자,Value
20190921,히트곡,1,-5.41610040220442
20190921,히브리,1,-5.41610040220442
20190921,히말라야,1,-5.41610040220442
20190921,희망,1,-5.41610040220442
20190921,흥덕구,1,-5.41610040220442
20190921,흡입,1,-5.41610040220442
20190921,흡연자,2,-4.722953221644475
20190921,흉기,1,-5.41610040220442
20190921,휴대전화,1,-5.41610040220442
20190921,훈련,1,-5.41610040220442
20190921,후진,1,-5.41610040220442
20190921,후원금,1,-5.41610040220442
20190921,후보자,1,-5.41610040220442
20190921,후배들,1,-5.41610040220442
20190921,효행로,1,-5.41610040220442
20190921,회정,1,-5.41610040220442
20190921,회장직,1,-5.41610040220442
20190921,회장,1,-5.41610040220442
20190921,회의실,1,-5.41610040220442
20190921,회원국,1,-5.41610040220442
20190921,회성,1,-5.41610040220442
20190921,회사,1,-5.41610040220442
20190921,회로,1,-5.41610040220442
20190921,회계연도,1,-5.41610040220442
20190921,황치열,2,-4.722953221644475
20190921,황제들,1,-5.41610040220442
20190921,황양,1,-5.41610040220442
20190921,황세원,1,-5.41610040220442
20190921,황보승혁,2,-4.722953221644475
20190921,황금폰,1,-5.41610040220442
20190921,황교안대표,1,-5.41610040220442
20190921,황교안,6,-3.624340932976365
20190921,황교,1,-5.41610040220442
20190921,황계리,1,-5.41610040220442
20190921,활동가,2,-4.722953221644475
20190921,환절기,1,-5.41610040220442
20190921,환자,1,-5.41610040220442
20190921,환경호르몬,1,-5.41610040220442
20190921,환경조건,1,-5.41610040220442
20190921,환경운동연합,1,-5.41610040220442
20190921,환경부,3,-4.31748811353631
20190921,환경단체들,1,-5.41610040220442
20190921,환경,1,-5.41610040220442
20190921,확보,1,-5.41610040220442
20190921,확대,1,-5.41610040220442
20190921,화학물질,1,-5.41610040220442
20190921,화재,2,-4.722953221644475
20190921,화장품,1,-5.41610040220442
20190921,화장실,3,-4.31748811353631
20190921,화성연쇄살인사건,6,-3.624340932976365
20190921,화성시,1,-5.41610040220442
20190921,화성수사본부,1,-5.41610040220442
20190921,화성사건,2,-4.722953221644475
20190921,화성군,3,-4.31748811353631
20190921,화성,18,-2.5257286443082556
20190921,화상,1,-5.41610040220442
20190921,화담,1,-5.41610040220442
20190921,홍해,1,-5.41610040220442
20190921,홍준표,1,-5.41610040220442
20190921,홍종원,1,-5.41610040220442
20190921,홍보수단,1,-5.41610040220442
20190921,홍반장,1,-5.41610040220442
20190921,홍길동전,1,-5.41610040220442
20190921,홈페이지,2,-4.722953221644475
20190921,혼자,1,-5.41610040220442
20190921,혼인신고,1,-5.41610040220442
20190921,혼인무효,1,-5.41610040220442
20190921,혼례상,1,-5.41610040220442
20190921,호흡기,1,-5.41610040220442
20190921,호흡곤란,1,-5.41610040220442
20190921,호우특보,1,-5.41610040220442
20190921,호우주의보,2,-4.722953221644475
20190921,호우경보,2,-4.722953221644475
20190921,호르몬,1,-5.41610040220442
20190921,호기심,2,-4.722953221644475
20190921,혜화역,1,-5.41610040220442
20190921,혜화동,1,-5.41610040220442
20190921,혜미,1,-5.41610040220442
20190921,형평상,1,-5.41610040220442
20190921,형사처벌,1,-5.41610040220442
20190921,형사정책연구원장,1,-5.41610040220442
20190921,형사부,1,-5.41610040220442
20190921,형사립고,1,-5.41610040220442
20190921,형사들,1,-5.41610040220442
20190921,형님,1,-5.41610040220442
20190921,협의회,1,-5.41610040220442
20190921,협력방안,1,-5.41610040220442
20190921,혐의점,1,-5.41610040220442
20190921,혐의,3,-4.31748811353631
20190921,혈액형,3,-4.31748811353631
20190921,현행법,1,-5.41610040220442
20190921,현지,1,-5.41610040220442
20190921,현장성,1,-5.41610040220442
20190921,현실불만,1,-5.41610040220442
20190921,현생인류,1,-5.41610040220442
20190921,현상,1,-5.41610040220442
20190921,현대판,1,-5.41610040220442
20190921,현대모비스,1,-5.41610040220442
20190921,현대,1,-5.41610040220442
20190921,혁신위원회,1,-5.41610040220442
20190921,헬스트레이너,1,-5.41610040220442
20190921,헬스클럽,1,-5.41610040220442
20190921,헨드릭,1,-5.41610040220442
20190921,헥토파스칼,5,-3.8066624897703196
20190921,헌정유린,3,-4.31748811353631
20190921,헌법적,1,-5.41610040220442
20190921,헌법,1,-5.41610040220442
20190921,허위사실들,1,-5.41610040220442
20190921,허위공사,1,-5.41610040220442
20190921,허위,4,-4.029806041084529
20190921,허심탄회,1,-5.41610040220442
20190921,허균,1,-5.41610040220442
20190921,행정처,1,-5.41610040220442
20190921,행정안전부,3,-4.31748811353631
20190921,행정소송,1,-5.41610040220442
20190921,행정부,1,-5.41610040220442
20190921,행위자,1,-5.41610040220442
20190921,행안부,4,-4.029806041084529
20190921,행사장,1,-5.41610040220442
20190921,행복,1,-5.41610040220442
20190921,해임안,1,-5.41610040220442
20190921,해임사유,1,-5.41610040220442
20190921,해외직구,1,-5.41610040220442
20190921,해외여행,1,-5.41610040220442
20190921,해양환경,1,-5.41610040220442
20190921,해안가,4,-4.029806041084529
20190921,해상,4,-4.029806041084529
20190921,해부학자,1,-5.41610040220442
20190921,해부학,1,-5.41610040220442
20190921,해경서,1,-5.41610040220442
20190921,항포구,1,-5.41610040220442
20190921,항암치료,1,-5.41610040220442
20190921,항소심,1,-5.41610040220442
20190921,항소,1,-5.41610040220442
20190921,항생제,1,-5.41610040220442
20190921,항공편,3,-4.31748811353631
20190921,항공사,2,-4.722953221644475
20190921,항공기상청,2,-4.722953221644475
20190921,항공기,9,-3.2188758248682006
20190921,핫라인,1,-5.41610040220442
20190921,합천군,1,-5.41610040220442
20190921,합의이혼,1,-5.41610040220442
20190921,합의,1,-5.41610040220442
20190921,합병증,1,-5.41610040220442
20190921,합법화,1,-5.41610040220442
20190921,함의,1,-5.41610040220442
20190921,할머니들,1,-5.41610040220442
20190921,할머니,1,-5.41610040220442
20190921,한회장,1,-5.41610040220442
20190921,한편,2,-4.722953221644475
20190921,한창수,1,-5.41610040220442
20190921,한중,1,-5.41610040220442
20190921,한정섭,1,-5.41610040220442
20190921,한인섭,5,-3.8066624897703196
20190921,한양대구리병원,1,-5.41610040220442
20190921,한신대,1,-5.41610040220442
20190921,한시름,1,-5.41610040220442
20190921,한상혁,2,-4.722953221644475
20190921,한방,1,-5.41610040220442
20190921,한라생태숲,1,-5.41610040220442
20190921,한라산,1,-5.41610040220442
20190921,한국철도시설공단,1,-5.41610040220442
20190921,한국지엠,1,-5.41610040220442
20190921,한국조세재정연구원,1,-5.41610040220442
20190921,한국정신대,1,-5.41610040220442
20190921,한국일보,1,-5.41610040220442
20190921,한국음악레이블산업협회,1,-5.41610040220442
20190921,한국식,2,-4.722953221644475
20190921,한국사회,1,-5.41610040220442
20190921,한국도로공사,1,-5.41610040220442
20190921,한국당,7,-3.4701902531491067
20190921,한국관광공사,1,-5.41610040220442
20190921,한국과학기술연구원,1,-5.41610040220442
20190921,한국gm,1,-5.41610040220442
20190921,한국,18,-2.5257286443082556
20190921,한겨레,1,-5.41610040220442
20190921,학종,1,-5.41610040220442
20190921,학업성취도,1,-5.41610040220442
20190921,학습지,1,-5.41610040220442
20190921,학술지,1,-5.41610040220442
20190921,학생들,6,-3.624340932976365
20190921,학생과,1,-5.41610040220442
20190921,학부모들,1,-5.41610040220442
20190921,학부모,2,-4.722953221644475
20190921,학교폭력,1,-5.41610040220442
20190921,학교법인,1,-5.41610040220442
20190921,하원길,1,-5.41610040220442
20190921,하원,2,-4.722953221644475
20190921,하버드대학교,1,-5.41610040220442
20190921,하루,2,-4.722953221644475
20190921,하도급,1,-5.41610040220442
20190921,하노이,1,-5.41610040220442
20190921,하나하나,2,-4.722953221644475
20190921,하나로,2,-4.722953221644475
20190921,하나님,4,-4.029806041084529
20190921,핏덩어리,1,-5.41610040220442
20190921,필요성,1,-5.41610040220442
20190921,피해자들,6,-3.624340932976365
20190921,피해자,12,-2.9311937524164198
20190921,피해,3,-4.31748811353631
20190921,피트니스,1,-5.41610040220442
20190921,피임법,1,-5.41610040220442
20190921,피의자들,2,-4.722953221644475
20190921,피의자,6,-3.624340932976365
20190921,피의사실,1,-5.41610040220442
20190921,피부과,1,-5.41610040220442
20190921,피로연,1,-5.41610040220442
20190921,피고인들,2,-4.722953221644475
20190921,피고인,2,-4.722953221644475
20190921,피고발인,2,-4.722953221644475
20190921,플라토프,1,-5.41610040220442
20190921,프로파일러,1,-5.41610040220442
20190921,프로이트,1,-5.41610040220442
20190921,프로듀서,1,-5.41610040220442
20190921,프랑스,2,-4.722953221644475
20190921,풍속화,1,-5.41610040220442
20190921,풍속,3,-4.31748811353631
20190921,풍량경보,1,-5.41610040220442
20190921,풍량,1,-5.41610040220442
20190921,풍랑특보,2,-4.722953221644475
20190921,풍랑경보,1,-5.41610040220442
20190921,풍랑,1,-5.41610040220442
20190921,풀코스,1,-5.41610040220442
20190921,푸둥,1,-5.41610040220442
20190921,표현,1,-5.41610040220442
20190921,표창장,3,-4.31748811353631
20190921,표정,1,-5.41610040220442
20190921,폴리체,1,-5.41610040220442
20190921,폭행사건,1,-5.41610040220442
20190921,폭행,1,-5.41610040220442
20190921,폭우,1,-5.41610040220442
20190921,폭스바겐,1,-5.41610040220442
20190921,폭력성,1,-5.41610040220442
20190921,포털사이트,1,-5.41610040220442
20190921,포타모스,1,-5.41610040220442
20190921,포천,1,-5.41610040220442
20190921,포스코인터내셔널,1,-5.41610040220442
20190921,폐활량,1,-5.41610040220442
20190921,폐질환,1,-5.41610040220442
20190921,폐쇄,1,-5.41610040220442
20190921,평화분야,1,-5.41610040220442
20190921,평준화,1,-5.41610040220442
20190921,평론가,1,-5.41610040220442
20190921,평균기온,1,-5.41610040220442
20190921,평검사들,3,-4.31748811353631
20190921,평검사,5,-3.8066624897703196
20190921,평강,1,-5.41610040220442
20190921,펫시터,1,-5.41610040220442
20190921,페이스북,6,-3.624340932976365
20190921,페르가나,1,-5.41610040220442
20190921,팬들,1,-5.41610040220442
20190921,패스트트랙,1,-5.41610040220442
20190921,팥죽,1,-5.41610040220442
20190921,팔로어,1,-5.41610040220442
20190921,판정,1,-5.41610040220442
20190921,판사들,1,-5.41610040220442
20190921,판결문,1,-5.41610040220442
20190921,파평면,12,-2.9311937524164198
20190921,파주지역,2,-4.722953221644475
20190921,파주시,13,-2.8511510447428834
20190921,파주,14,-2.7770430725891617
20190921,파열,2,-4.722953221644475
20190921,파악,1,-5.41610040220442
20190921,파면,1,-5.41610040220442
20190921,파기환송심,1,-5.41610040220442
20190921,파괴,1,-5.41610040220442
20190921,티웨이,1,-5.41610040220442
20190921,티베트,1,-5.41610040220442
20190921,티그리스강,1,-5.41610040220442
20190921,특훈,1,-5.41610040220442
20190921,특효약,1,-5.41610040220442
20190921,특집,1,-5.41610040220442
20190921,특정인,1,-5.41610040220442
20190921,특정,1,-5.41610040220442
20190921,특수상해,1,-5.41610040220442
20190921,특수부,1,-5.41610040220442
20190921,특성화고,1,-5.41610040220442
20190921,특성화,1,-5.41610040220442
20190921,특산물,1,-5.41610040220442
20190921,특별,3,-4.31748811353631
20190921,특례법,1,-5.41610040220442
20190921,특검,2,-4.722953221644475
20190921,특강법,1,-5.41610040220442
20190921,트리클로산,1,-5.41610040220442
20190921,트로트,1,-5.41610040220442
20190921,트래버스,1,-5.41610040220442
20190921,툰베리,2,-4.722953221644475
20190921,투자자,2,-4.722953221644475
20190921,투자사들,1,-5.41610040220442
20190921,투어,1,-5.41610040220442
20190921,투병기,1,-5.41610040220442
20190921,투머치,1,-5.41610040220442
20190921,통행,1,-5.41610040220442
20190921,통째,1,-5.41610040220442
20190921,통진당,1,-5.41610040220442
20190921,통제,2,-4.722953221644475
20190921,통영,3,-4.31748811353631
20190921,통신망,1,-5.41610040220442
20190921,통상임금,1,-5.41610040220442
20190921,통보관,7,-3.4701902531491067
20190921,통근길,2,-4.722953221644475
20190921,통계청,1,-5.41610040220442
20190921,토크쇼,1,-5.41610040220442
20190921,토론회,2,-4.722953221644475
20190921,테르,1,-5.41610040220442
20190921,테니스장,5,-3.8066624897703196
20190921,터미네이터,1,-5.41610040220442
20190921,태호,1,-5.41610040220442
20190921,태풍특보,2,-4.722953221644475
20190921,태풍예비,1,-5.41610040220442
20190921,태풍경보,1,-5.41610040220442
20190921,태풍,6,-3.624340932976365
20190921,태안읍,2,-4.722953221644475
20190921,태안군,1,-5.41610040220442
20190921,태국인,1,-5.41610040220442
20190921,탐방로,1,-5.41610040220442
20190921,탄원서,1,-5.41610040220442
20190921,타파,3,-4.31748811353631
20190921,타작마당,1,-5.41610040220442
20190921,타워크레인,1,-5.41610040220442
20190921,타슈켄트,1,-5.41610040220442
20190921,타살,2,-4.722953221644475
20190921,키르쿠스,1,-5.41610040220442
20190921,큰딸,1,-5.41610040220442
20190921,큐슈,1,-5.41610040220442
20190921,퀴어,1,-5.41610040220442
20190921,쿨fm,1,-5.41610040220442
20190921,콧수염,1,-5.41610040220442
20190921,콧물,1,-5.41610040220442
20190921,콜로라도,1,-5.41610040220442
20190921,코스닥,1,-5.41610040220442
20190921,코링크pe,2,-4.722953221644475
20190921,코링크,2,-4.722953221644475
20190921,코리아,1,-5.41610040220442
20190921,케이블카,1,-5.41610040220442
20190921,케미,1,-5.41610040220442
20190921,커피숍,1,-5.41610040220442
20190921,커밍아웃,1,-5.41610040220442
20190921,캐디들,1,-5.41610040220442
20190921,캐디,1,-5.41610040220442
20190921,캄보디아,1,-5.41610040220442
20190921,카페,1,-5.41610040220442
20190921,카라바조,1,-5.41610040220442
20190921,침묵,1,-5.41610040220442
20190921,친척들,1,-5.41610040220442
20190921,친정,1,-5.41610040220442
20190921,친부모,1,-5.41610040220442
20190921,친구들,1,-5.41610040220442
20190921,치료,1,-5.41610040220442
20190921,취집,1,-5.41610040220442
20190921,취재진,1,-5.41610040220442
20190921,취재,1,-5.41610040220442
20190921,취약지역,2,-4.722953221644475
20190921,충청도,2,-4.722953221644475
20190921,충청,1,-5.41610040220442
20190921,충주지청,1,-5.41610040220442
20190921,충수돌기제거술,1,-5.41610040220442
20190921,충분히,2,-4.722953221644475
20190921,충북,8,-3.3366588605245844
20190921,충남,13,-2.8511510447428834
20190921,출하량,1,-5.41610040220442
20190921,출입구,1,-5.41610040220442
20190921,출연진,1,-5.41610040220442
20190921,출연,3,-4.31748811353631
20190921,출애굽,1,-5.41610040220442
20190921,출산축하금,1,-5.41610040220442
20190921,출산장려금,1,-5.41610040220442
20190921,출산,2,-4.722953221644475
20190921,출범식,1,-5.41610040220442
20190921,출발편,1,-5.41610040220442
20190921,출발,1,-5.41610040220442
20190921,춘추항공,1,-5.41610040220442
20190921,춘추,1,-5.41610040220442
20190921,춘천,4,-4.029806041084529
20190921,축하금,1,-5.41610040220442
20190921,축양조건,1,-5.41610040220442
20190921,축양,1,-5.41610040220442
20190921,축산,2,-4.722953221644475
20190921,추진,1,-5.41610040220442
20190921,추억,1,-5.41610040220442
20190921,추석,1,-5.41610040220442
20190921,추산,1,-5.41610040220442
20190921,추녀,1,-5.41610040220442
20190921,추남,1,-5.41610040220442
20190921,추가,1,-5.41610040220442
20190921,최준호,1,-5.41610040220442
20190921,최준식,1,-5.41610040220442
20190921,최종환,1,-5.41610040220442
20190921,최저기온,1,-5.41610040220442
20190921,최재원,1,-5.41610040220442
20190921,최원정,1,-5.41610040220442
20190921,최용준,1,-5.41610040220442
20190921,최영철,1,-5.41610040220442
20190921,최순실,1,-5.41610040220442
20190921,최소화,3,-4.31748811353631
20190921,최대풍속,1,-5.41610040220442
20190921,최대순간풍속,1,-5.41610040220442
20190921,최대,3,-4.31748811353631
20190921,최고치,1,-5.41610040220442
20190921,최고지도자,1,-5.41610040220442
20190921,최고령자,1,-5.41610040220442
20190921,최고기온,1,-5.41610040220442
20190921,최고급,1,-5.41610040220442
20190921,최경호,1,-5.41610040220442
20190921,총학생회,2,-4.722953221644475
20190921,총괄,1,-5.41610040220442
20190921,촛불집회,2,-4.722953221644475
20190921,촉구,2,-4.722953221644475
20190921,체육복,3,-4.31748811353631
20190921,체류자,1,-5.41610040220442
20190921,청취자,1,-5.41610040220442
20190921,청주지법,1,-5.41610040220442
20190921,청주지검,3,-4.31748811353631
20190921,청주서부경찰서,2,-4.722953221644475
20190921,청주로,3,-4.31748811353631
20190921,청주,12,-2.9311937524164198
20190921,청운효자동,1,-5.41610040220442
20190921,청와대,8,-3.3366588605245844
20190921,청소년들,1,-5.41610040220442
20190921,청소년기후행동,1,-5.41610040220442
20190921,청문회,3,-4.31748811353631
20190921,청년들,1,-5.41610040220442
20190921,청구서,1,-5.41610040220442
20190921,청구권,1,-5.41610040220442
20190921,청계대림,1,-5.41610040220442
20190921,청결제,1,-5.41610040220442
20190921,첫머리,1,-5.41610040220442
20190921,첨가제,1,-5.41610040220442
20190921,철원,1,-5.41610040220442
20190921,철도시설공단,1,-5.41610040220442
20190921,처벌의사,1,-5.41610040220442
20190921,처벌,1,-5.41610040220442
20190921,채택기념일,1,-5.41610040220442
20190921,채널a,1,-5.41610040220442
20190921,채권,2,-4.722953221644475
20190921,창의성,1,-5.41610040220442
20190921,창의력,1,-5.41610040220442
20190921,창원시,5,-3.8066624897703196
20190921,창원,3,-4.31748811353631
20190921,창업자들,1,-5.41610040220442
20190921,참여,1,-5.41610040220442
20190921,참석자들,1,-5.41610040220442
20190921,참석자,1,-5.41610040220442
20190921,참고인,2,-4.722953221644475
20190921,참가자들,1,-5.41610040220442
20190921,참가자,1,-5.41610040220442
20190921,참가비,1,-5.41610040220442
20190921,참가,1,-5.41610040220442
20190921,찬스,1,-5.41610040220442
20190921,착각,1,-5.41610040220442
20190921,차재관,1,-5.41610040220442
20190921,차이나타운,1,-5.41610040220442
20190921,차의과대,2,-4.722953221644475
20190921,차원,1,-5.41610040220442
20190921,차선,1,-5.41610040220442
20190921,차병원,1,-5.41610040220442
20190921,차별,1,-5.41610040220442
20190921,차로,1,-5.41610040220442
20190921,차량정체,1,-5.41610040220442
20190921,차량,3,-4.31748811353631
20190921,차도,1,-5.41610040220442
20190921,징역형,3,-4.31748811353631
20190921,징역,1,-5.41610040220442
20190921,징계위원회,1,-5.41610040220442
20190921,징계권,1,-5.41610040220442
20190921,집회,1,-5.41610040220442
20190921,집행부원들,1,-5.41610040220442
20190921,집행부,2,-4.722953221644475
20190921,집중호우,2,-4.722953221644475
20190921,집중력,1,-5.41610040220442
20190921,질병,2,-4.722953221644475
20190921,진행자,1,-5.41610040220442
20190921,진행력,1,-5.41610040220442
20190921,진행,2,-4.722953221644475
20190921,진해구,2,-4.722953221644475
20190921,진천군,1,-5.41610040220442
20190921,진정서,1,-5.41610040220442
20190921,진접읍,1,-5.41610040220442
20190921,진접선,1,-5.41610040220442
20190921,진접,1,-5.41610040220442
20190921,진영,5,-3.8066624897703196
20190921,진안리,1,-5.41610040220442
20190921,진안동,1,-5.41610040220442
20190921,진안,1,-5.41610040220442
20190921,진술,2,-4.722953221644475
20190921,진동,1,-5.41610040220442
20190921,진각종,1,-5.41610040220442
20190921,직접고용,1,-5.41610040220442
20190921,직무정지,1,-5.41610040220442
20190921,직무유기,1,-5.41610040220442
20190921,지적도,2,-4.722953221644475
20190921,지장,1,-5.41610040220442
20190921,지자체,6,-3.624340932976365
20190921,지연이자,4,-4.029806041084529
20190921,지역사회,1,-5.41610040220442
20190921,지역별,4,-4.029806041084529
20190921,지역난방공사,1,-5.41610040220442
20190921,지역,3,-4.31748811353631
20190921,지시사항,1,-5.41610040220442
20190921,지시,1,-5.41610040220442
20190921,지병환,1,-5.41610040220442
20190921,지방도,1,-5.41610040220442
20190921,지목,2,-4.722953221644475
20190921,지리산호수공원,1,-5.41610040220442
20190921,지리산,3,-4.31748811353631
20190921,지도부,1,-5.41610040220442
20190921,지능범죄수사대,1,-5.41610040220442
20190921,지경,1,-5.41610040220442
20190921,증여세,1,-5.41610040220442
20190921,증명서,6,-3.624340932976365
20190921,증거품,1,-5.41610040220442
20190921,증거반,1,-5.41610040220442
20190921,증거물,6,-3.624340932976365
20190921,증거,2,-4.722953221644475
20190921,증가폭,1,-5.41610040220442
20190921,증가세,1,-5.41610040220442
20190921,증가,1,-5.41610040220442
20190921,중형급,4,-4.029806041084529
20190921,중증장애인,1,-5.41610040220442
20190921,중증,1,-5.41610040220442
20190921,중재자,1,-5.41610040220442
20190921,중재인,1,-5.41610040220442
20190921,중장기,1,-5.41610040220442
20190921,중이염,1,-5.41610040220442
20190921,중요성,1,-5.41610040220442
20190921,중외출,1,-5.41610040220442
20190921,중앙재난안전대책본부,1,-5.41610040220442
20190921,중앙대,1,-5.41610040220442
20190921,중심부,1,-5.41610040220442
20190921,중심기압,5,-3.8066624897703196
20190921,중부해경청,1,-5.41610040220442
20190921,중보자,1,-5.41610040220442
20190921,중랑구,1,-5.41610040220442
20190921,중대본,4,-4.029806041084529
20190921,중단,1,-5.41610040220442
20190921,중국,6,-3.624340932976365
20190921,준용씨,1,-5.41610040220442
20190921,준비위원회,1,-5.41610040220442
20190921,죽음학,1,-5.41610040220442
20190921,죽음,1,-5.41610040220442
20190921,주호,1,-5.41610040220442
20190921,주현,1,-5.41610040220442
20190921,주택총,1,-5.41610040220442
20190921,주택가,1,-5.41610040220442
20190921,주차장,2,-4.722953221644475
20190921,주점,1,-5.41610040220442
20190921,주장,2,-4.722953221644475
20190921,주인,1,-5.41610040220442
20190921,주의보,3,-4.31748811353631
20190921,주의,2,-4.722953221644475
20190921,주소지,1,-5.41610040220442
20190921,주변,2,-4.722953221644475
20190921,주방,1,-5.41610040220442
20190921,주민등록,1,-5.41610040220442
20190921,주민들,1,-5.41610040220442
20190921,주민,2,-4.722953221644475
20190921,주말,1,-5.41610040220442
20190921,주기도문,1,-5.41610040220442
20190921,주광덕,4,-4.029806041084529
20190921,주거지,2,-4.722953221644475
20190921,죄의식,1,-5.41610040220442
20190921,좌절감,1,-5.41610040220442
20190921,종합편성채널,2,-4.722953221644475
20190921,종잣돈,1,-5.41610040220442
20190921,종일,1,-5.41610040220442
20190921,종영,1,-5.41610040220442
20190921,종로구,3,-4.31748811353631
20190921,종로경찰서,1,-5.41610040220442
20190921,종교화,1,-5.41610040220442
20190921,종각역,1,-5.41610040220442
20190921,졸업생,1,-5.41610040220442
20190921,조희연,1,-5.41610040220442
20190921,조합원,1,-5.41610040220442
20190921,조치,3,-4.31748811353631
20190921,조직문화,1,-5.41610040220442
20190921,조직,1,-5.41610040220442
20190921,조지,1,-5.41610040220442
20190921,조정관,1,-5.41610040220442
20190921,조작,2,-4.722953221644475
20190921,조씨,13,-2.8511510447428834
20190921,조선일보,1,-5.41610040220442
20190921,조선대,1,-5.41610040220442
20190921,조선,1,-5.41610040220442
20190921,조사,4,-4.029806041084529
20190921,조명래,1,-5.41610040220442
20190921,조리원,1,-5.41610040220442
20190921,조류인플루엔자,1,-5.41610040220442
20190921,조류,1,-5.41610040220442
20190921,조국,4,-4.029806041084529
20190921,제주특별자치도,1,-5.41610040220442
20190921,제주지역,1,-5.41610040220442
20190921,제주지방기상청,3,-4.31748811353631
20190921,제주시,1,-5.41610040220442
20190921,제주로,1,-5.41610040220442
20190921,제주도,32,-1.9503644994046936
20190921,제주국제공항,2,-4.722953221644475
20190921,제주공항,8,-3.3366588605245844
20190921,제주,32,-1.9503644994046936
20190921,제조업체,1,-5.41610040220442
20190921,제작진,2,-4.722953221644475
20190921,제작사,1,-5.41610040220442
20190921,제왕절개,1,-5.41610040220442
20190921,제사상,1,-5.41610040220442
20190921,제대로,9,-3.2188758248682006
20190921,제기,1,-5.41610040220442
20190921,제거술,1,-5.41610040220442
20190921,정확,1,-5.41610040220442
20190921,정해준,1,-5.41610040220442
20190921,정치적,1,-5.41610040220442
20190921,정치부,1,-5.41610040220442
20190921,정치개입,1,-5.41610040220442
20190921,정치,1,-5.41610040220442
20190921,정책연구원장,3,-4.31748811353631
20190921,정직함,1,-5.41610040220442
20190921,정준영,1,-5.41610040220442
20190921,정운호,1,-5.41610040220442
20190921,정영인,1,-5.41610040220442
20190921,정씨,2,-4.722953221644475
20190921,정상화,1,-5.41610040220442
20190921,정상생활,2,-4.722953221644475
20190921,정상,2,-4.722953221644475
20190921,정보공개,1,-5.41610040220442
20190921,정보,2,-4.722953221644475
20190921,정밀검사,12,-2.9311937524164198
20190921,정류장,1,-5.41610040220442
20190921,정동하,1,-5.41610040220442
20190921,정도,1,-5.41610040220442
20190921,정대협,1,-5.41610040220442
20190921,정규직,2,-4.722953221644475
20190921,정관영,1,-5.41610040220442
20190921,정경심,4,-4.029806041084529
20190921,접합,1,-5.41610040220442
20190921,접두어,1,-5.41610040220442
20190921,접근성,1,-5.41610040220442
20190921,점들,1,-5.41610040220442
20190921,점검회의,2,-4.722953221644475
20190921,절차적,1,-5.41610040220442
20190921,절제술,1,-5.41610040220442
20190921,절대복종,2,-4.722953221644475
20190921,전희경,2,-4.722953221644475
20190921,전환기,1,-5.41610040220442
20190921,전화,1,-5.41610040220442
20190921,전학생,1,-5.41610040220442
20190921,전통시장,1,-5.41610040220442
20190921,전통공연,1,-5.41610040220442
20190921,전주,4,-4.029806041084529
20190921,전제로,1,-5.41610040220442
20190921,전자담배,2,-4.722953221644475
20190921,전자,1,-5.41610040220442
20190921,전원합의체,1,-5.41610040220442
20190921,전염병,1,-5.41610040220442
20190921,전역,1,-5.41610040220442
20190921,전업주부,1,-5.41610040220442
20190921,전신주,1,-5.41610040220442
20190921,전북소방본부,1,-5.41610040220442
20190921,전북,6,-3.624340932976365
20190921,전문점,1,-5.41610040220442
20190921,전문의,1,-5.41610040220442
20190921,전문성,1,-5.41610040220442
20190921,전문대,1,-5.41610040220442
20190921,전문가,3,-4.31748811353631
20190921,전면,1,-5.41610040220442
20190921,전년대비,1,-5.41610040220442
20190921,전남,12,-2.9311937524164198
20190921,전기회사,1,-5.41610040220442
20190921,전국금속노동조합,1,-5.41610040220442
20190921,전국,3,-4.31748811353631
20190921,전교조,1,-5.41610040220442
20190921,적조생물,1,-5.41610040220442
20190921,적조띠,1,-5.41610040220442
20190921,적조경보,1,-5.41610040220442
20190921,적자생존,1,-5.41610040220442
20190921,적성면,12,-2.9311937524164198
20190921,저출산,1,-5.41610040220442
20190921,저지대,5,-3.8066624897703196
20190921,저주,1,-5.41610040220442
20190921,재해임,1,-5.41610040220442
20190921,재판부,6,-3.624340932976365
20190921,재판기록,1,-5.41610040220442
20190921,재조사,1,-5.41610040220442
20190921,재외동포,1,-5.41610040220442
20190921,재생산,2,-4.722953221644475
20190921,재산분할,1,-5.41610040220442
20190921,재산,1,-5.41610040220442
20190921,재력가,1,-5.41610040220442
20190921,재난안전대책본부,1,-5.41610040220442
20190921,재난안전,1,-5.41610040220442
20190921,재난문자,2,-4.722953221644475
20190921,재난,1,-5.41610040220442
20190921,재구성,1,-5.41610040220442
20190921,재교부,1,-5.41610040220442
20190921,재검토,2,-4.722953221644475
20190921,재개,1,-5.41610040220442
20190921,장화정,1,-5.41610040220442
20190921,장혜원,6,-3.624340932976365
20190921,장현리,1,-5.41610040220442
20190921,장학생,1,-5.41610040220442
20190921,장학금,1,-5.41610040220442
20190921,장폐색,1,-5.41610040220442
20190921,장제원,1,-5.41610040220442
20190921,장정숙,1,-5.41610040220442
20190921,장자권,1,-5.41610040220442
20190921,장용준,1,-5.41610040220442
20190921,장외집회,1,-5.41610040220442
20190921,장애인들,1,-5.41610040220442
20190921,장애인,4,-4.029806041084529
20190921,장씨,1,-5.41610040220442
20190921,장민석,1,-5.41610040220442
20190921,장려금,1,-5.41610040220442
20190921,장래,1,-5.41610040220442
20190921,장능인,1,-5.41610040220442
20190921,장기부전,1,-5.41610040220442
20190921,장기동,3,-4.31748811353631
20190921,장관직,1,-5.41610040220442
20190921,장관들,1,-5.41610040220442
20190921,장관님,1,-5.41610040220442
20190921,장관,3,-4.31748811353631
20190921,잠재성장률,1,-5.41610040220442
20190921,잠복기,4,-4.029806041084529
20190921,잔혹,1,-5.41610040220442
20190921,작품들,1,-5.41610040220442
20190921,작업복,1,-5.41610040220442
20190921,작업,2,-4.722953221644475
20190921,자회사,2,-4.722953221644475
20190921,자존감,1,-5.41610040220442
20190921,자제,1,-5.41610040220442
20190921,자율성,1,-5.41610040220442
20190921,자유한국당,15,-2.70805020110221
20190921,자유투어,1,-5.41610040220442
20190921,자유,1,-5.41610040220442
20190921,자영업,1,-5.41610040220442
20190921,자연생태,1,-5.41610040220442
20190921,자연,1,-5.41610040220442
20190921,자신,3,-4.31748811353631
20190921,자소서,1,-5.41610040220442
20190921,자사고,1,-5.41610040220442
20190921,자매,2,-4.722953221644475
20190921,자료수집,1,-5.41610040220442
20190921,자료,1,-5.41610040220442
20190921,자들,2,-4.722953221644475
20190921,자동차,2,-4.722953221644475
20190921,자녀,2,-4.722953221644475
20190921,자기소개서,1,-5.41610040220442
20190921,자기소개,2,-4.722953221644475
20190921,자궁근종,1,-5.41610040220442
20190921,자격증,1,-5.41610040220442
20190921,자격정지,1,-5.41610040220442
20190921,입학사정관제,1,-5.41610040220442
20190921,입학,1,-5.41610040220442
20190921,입직,1,-5.41610040220442
20190921,입장문,1,-5.41610040220442
20190921,입시제도,1,-5.41610040220442
20190921,입소문,1,-5.41610040220442
20190921,입담,1,-5.41610040220442
20190921,임피면,1,-5.41610040220442
20190921,임태경,1,-5.41610040220442
20190921,임직원들,1,-5.41610040220442
20190921,임직원,1,-5.41610040220442
20190921,임재규,1,-5.41610040220442
20190921,임은정,3,-4.31748811353631
20190921,임월애,1,-5.41610040220442
20190921,임원들,1,-5.41610040220442
20190921,임원,1,-5.41610040220442
20190921,임신,1,-5.41610040220442
20190921,임박,1,-5.41610040220442
20190921,임무영,2,-4.722953221644475
20190921,일제강점기,1,-5.41610040220442
20190921,일정기간,1,-5.41610040220442
20190921,일요일,5,-3.8066624897703196
20190921,일선,1,-5.41610040220442
20190921,일산서구,1,-5.41610040220442
20190921,일본,9,-3.2188758248682006
20190921,일반인,2,-4.722953221644475
20190921,일문일답,1,-5.41610040220442
20190921,일간,1,-5.41610040220442
20190921,인형,1,-5.41610040220442
20190921,인플루엔자,1,-5.41610040220442
20190921,인턴증명서,2,-4.722953221644475
20190921,인턴,1,-5.41610040220442
20190921,인터폴,1,-5.41610040220442
20190921,인천시설관리공단,1,-5.41610040220442
20190921,인천시,4,-4.029806041084529
20190921,인천대,2,-4.722953221644475
20190921,인천광역시,1,-5.41610040220442
20190921,인천관광공사,1,-5.41610040220442
20190921,인천,13,-2.8511510447428834
20190921,인지기능,1,-5.41610040220442
20190921,인의협,1,-5.41610040220442
20190921,인스타툰,1,-5.41610040220442
20190921,인스타그램,2,-4.722953221644475
20190921,인사청문,1,-5.41610040220442
20190921,인사들,1,-5.41610040220442
20190921,인사권,1,-5.41610040220442
20190921,인사,1,-5.41610040220442
20190921,인물들,1,-5.41610040220442
20190921,인명피해,3,-4.31748811353631
20190921,인류학자,1,-5.41610040220442
20190921,인류학,1,-5.41610040220442
20190921,인력난,1,-5.41610040220442
20190921,인근,4,-4.029806041084529
20190921,인권법센터,1,-5.41610040220442
20190921,인권법,3,-4.31748811353631
20190921,인공지능,2,-4.722953221644475
20190921,인공수정,1,-5.41610040220442
20190921,인간성,1,-5.41610040220442
20190921,익성,3,-4.31748811353631
20190921,이훈,1,-5.41610040220442
20190921,이화여대,1,-5.41610040220442
20190921,이혼소송,1,-5.41610040220442
20190921,이형호,1,-5.41610040220442
20190921,이해관계,1,-5.41610040220442
20190921,이프로스,1,-5.41610040220442
20190921,이춘재,9,-3.2188758248682006
20190921,이철승,1,-5.41610040220442
20190921,이철수,1,-5.41610040220442
20190921,이천,1,-5.41610040220442
20190921,이중국적,1,-5.41610040220442
20190921,이중,1,-5.41610040220442
20190921,이준한,1,-5.41610040220442
20190921,이제그만,1,-5.41610040220442
20190921,이재욱,1,-5.41610040220442
20190921,이재문,1,-5.41610040220442
20190921,이인영,2,-4.722953221644475
20190921,이음부,1,-5.41610040220442
20190921,이은호,1,-5.41610040220442
20190921,이유들,1,-5.41610040220442
20190921,이웅혁,1,-5.41610040220442
20190921,이용객들,1,-5.41610040220442
20190921,이용객,1,-5.41610040220442
20190921,이야기,1,-5.41610040220442
20190921,이씨,11,-3.0182051294060495
20190921,이스라엘,1,-5.41610040220442
20190921,이수정,4,-4.029806041084529
20190921,이수도,1,-5.41610040220442
20190921,이수,1,-5.41610040220442
20190921,이송,1,-5.41610040220442
20190921,이성애자,1,-5.41610040220442
20190921,이생망,1,-5.41610040220442
20190921,이상화,1,-5.41610040220442
20190921,이상한,1,-5.41610040220442
20190921,이사회,1,-5.41610040220442
20190921,이사들,1,-5.41610040220442
20190921,이비인후과,1,-5.41610040220442
20190921,이병민,1,-5.41610040220442
20190921,이방인,1,-5.41610040220442
20190921,이름,1,-5.41610040220442
20190921,이례적,1,-5.41610040220442
20190921,이례,1,-5.41610040220442
20190921,이래서,1,-5.41610040220442
20190921,이라영,1,-5.41610040220442
20190921,이땐,1,-5.41610040220442
20190921,이듬해,2,-4.722953221644475
20190921,이동통신,1,-5.41610040220442
20190921,이날,9,-3.2188758248682006
20190921,이낙연,1,-5.41610040220442
20190921,이규진,1,-5.41610040220442
20190921,이군,1,-5.41610040220442
20190921,이공계,1,-5.41610040220442
20190921,의혹들,1,-5.41610040220442
20190921,의혹,5,-3.8066624897703196
20190921,의학전문대학원,3,-4.31748811353631
20190921,의학논문,1,-5.41610040220442
20190921,의정부지검,4,-4.029806041084529
20190921,의전원,2,-4.722953221644475
20190921,의원직,1,-5.41610040220442
20190921,의원실,1,-5.41610040220442
20190921,의약품,1,-5.41610040220442
20190921,의심증세,1,-5.41610040220442
20190921,의심신고,7,-3.4701902531491067
20190921,의심,1,-5.41610040220442
20190921,의식,1,-5.41610040220442
20190921,의사회,1,-5.41610040220442
20190921,의사면허,2,-4.722953221644475
20190921,의사들,1,-5.41610040220442
20190921,의사단체,1,-5.41610040220442
20190921,의료행위,1,-5.41610040220442
20190921,의료진들,1,-5.41610040220442
20190921,의료진,2,-4.722953221644475
20190921,의료인,1,-5.41610040220442
20190921,의료법,2,-4.722953221644475
20190921,의료과기유한회사,1,-5.41610040220442
20190921,의료계,1,-5.41610040220442
20190921,의료,1,-5.41610040220442
20190921,응급성,1,-5.41610040220442
20190921,음주운전,1,-5.41610040220442
20190921,음성판정,2,-4.722953221644475
20190921,음성,1,-5.41610040220442
20190921,음란물,2,-4.722953221644475
20190921,은혜로교회,1,-5.41610040220442
20190921,은퇴세대,1,-5.41610040220442
20190921,윤씨,1,-5.41610040220442
20190921,윤석열,1,-5.41610040220442
20190921,윤다빈,1,-5.41610040220442
20190921,윤기한,3,-4.31748811353631
20190921,윤군,1,-5.41610040220442
20190921,육상수조,1,-5.41610040220442
20190921,육상,2,-4.722953221644475
20190921,유흥업소,1,-5.41610040220442
20190921,유해성,1,-5.41610040220442
20190921,유한회사,1,-5.41610040220442
20190921,유학생,2,-4.722953221644475
20190921,유프라테스강,1,-5.41610040220442
20190921,유튜브,1,-5.41610040220442
20190921,유통본부,1,-5.41610040220442
20190921,유통라인,1,-5.41610040220442
20190921,유통,2,-4.722953221644475
20190921,유치원,1,-5.41610040220442
20190921,유착박리술,1,-5.41610040220442
20190921,유족연금,1,-5.41610040220442
20190921,유전자,1,-5.41610040220442
20190921,유일한,1,-5.41610040220442
20190921,유엔평화,1,-5.41610040220442
20190921,유아기,1,-5.41610040220442
20190921,유아교육업체,1,-5.41610040220442
20190921,유승준,2,-4.722953221644475
20190921,유스타키오관,1,-5.41610040220442
20190921,유병률,1,-5.41610040220442
20190921,유리딘,1,-5.41610040220442
20190921,유류품,1,-5.41610040220442
20190921,유령수술,2,-4.722953221644475
20190921,유가족,1,-5.41610040220442
20190921,윗세오름,1,-5.41610040220442
20190921,윈드시어,2,-4.722953221644475
20190921,위험도,1,-5.41610040220442
20190921,위험,1,-5.41610040220442
20190921,위트레흐트,1,-5.41610040220442
20190921,위축,2,-4.722953221644475
20190921,위자료,1,-5.41610040220442
20190921,위원회,8,-3.3366588605245844
20190921,위원장,5,-3.8066624897703196
20190921,위안부,1,-5.41610040220442
20190921,위선자,6,-3.624340932976365
20190921,위밴드,1,-5.41610040220442
20190921,위기경보,4,-4.029806041084529
20190921,웹툰,1,-5.41610040220442
20190921,웰스씨앤티,1,-5.41610040220442
20190921,웨더봇,2,-4.722953221644475
20190921,월요일,1,-5.41610040220442
20190921,월마트,1,-5.41610040220442
20190921,월드,1,-5.41610040220442
20190921,원짜리,1,-5.41610040220442
20190921,원정출산,3,-4.31748811353631
20190921,원정도박,2,-4.722953221644475
20190921,원정,2,-4.722953221644475
20190921,원장,1,-5.41610040220442
20190921,원인,3,-4.31748811353631
20190921,원예농장,1,-5.41610040220442
20190921,원어치,1,-5.41610040220442
20190921,원어민,1,-5.41610040220442
20190921,원씩,1,-5.41610040220442
20190921,원시사회,1,-5.41610040220442
20190921,원맨,1,-5.41610040220442
20190921,원내대표,10,-3.1135153092103742
20190921,원가정,1,-5.41610040220442
20190921,웅동학원,7,-3.4701902531491067
20190921,웅동중학교,5,-3.8066624897703196
20190921,웅동중,1,-5.41610040220442
20190921,웅동,1,-5.41610040220442
20190921,웃음소리,1,-5.41610040220442
20190921,울산지법,2,-4.722953221644475
20190921,울산지검,2,-4.722953221644475
20190921,울산,2,-4.722953221644475
20190921,울릉도,3,-4.31748811353631
20190921,울릉,2,-4.722953221644475
20190921,울르그벡,1,-5.41610040220442
20190921,운항,1,-5.41610040220442
20190921,운전자,2,-4.722953221644475
20190921,운용사,2,-4.722953221644475
20190921,운용보고서,1,-5.41610040220442
20190921,운용계획,1,-5.41610040220442
20190921,운동선수,1,-5.41610040220442
20190921,운동기구,1,-5.41610040220442
20190921,우진,1,-5.41610040220442
20190921,우즈벡,1,-5.41610040220442
20190921,우즈베키스탄,1,-5.41610040220442
20190921,우울감,1,-5.41610040220442
20190921,우상숭배,1,-5.41610040220442
20190921,우리나라,7,-3.4701902531491067
20190921,용의자,16,-2.643511679964639
20190921,용돈,1,-5.41610040220442
20190921,요금수납원,1,-5.41610040220442
20190921,외침,1,-5.41610040220442
20190921,외음부,1,-5.41610040220442
20190921,외식,1,-5.41610040220442
20190921,외부,2,-4.722953221644475
20190921,외국환,1,-5.41610040220442
20190921,외국인,4,-4.029806041084529
20190921,외국어,1,-5.41610040220442
20190921,왜곡,1,-5.41610040220442
20190921,왕복,1,-5.41610040220442
20190921,완주,1,-5.41610040220442
20190921,완도,1,-5.41610040220442
20190921,왁스,1,-5.41610040220442
20190921,와전,1,-5.41610040220442
20190921,와룡산,1,-5.41610040220442
20190921,옷가지,1,-5.41610040220442
20190921,옵티팜,1,-5.41610040220442
20190921,올가을,1,-5.41610040220442
20190921,온실가스,3,-4.31748811353631
20190921,온라인판,1,-5.41610040220442
20190921,온라인뉴스부,1,-5.41610040220442
20190921,온라인,8,-3.3366588605245844
20190921,옥인교회,1,-5.41610040220442
20190921,옥인,1,-5.41610040220442
20190921,옥외시설물,1,-5.41610040220442
20190921,오토인더스트리,1,-5.41610040220442
20190921,오키나와,10,-3.1135153092103742
20190921,오천면,1,-5.41610040220442
20190921,오연재,1,-5.41610040220442
20190921,오색케이블카,1,-5.41610040220442
20190921,오빠,1,-5.41610040220442
20190921,오른쪽,2,-4.722953221644475
20190921,오랫동안,1,-5.41610040220442
20190921,오랜만,1,-5.41610040220442
20190921,예정서,1,-5.41610040220442
20190921,예일대,1,-5.41610040220442
20190921,예술사회학,1,-5.41610040220442
20190921,예술교육센터,1,-5.41610040220442
20190921,예술,1,-5.41610040220442
20190921,예수님,1,-5.41610040220442
20190921,예수,1,-5.41610040220442
20190921,예상,1,-5.41610040220442
20190921,예산안,1,-5.41610040220442
20190921,예산권,1,-5.41610040220442
20190921,예방,2,-4.722953221644475
20190921,예능,1,-5.41610040220442
20190921,영향력,1,-5.41610040220442
20190921,영향권,3,-4.31748811353631
20190921,영종도,1,-5.41610040220442
20190921,영재성,1,-5.41610040220442
20190921,영재고,1,-5.41610040220442
20190921,영업소,1,-5.41610040220442
20190921,영어학원,1,-5.41610040220442
20190921,영어전집,1,-5.41610040220442
20190921,영어유치원,2,-4.722953221644475
20190921,영어수업,1,-5.41610040220442
20190921,영어교육,1,-5.41610040220442
20190921,영양제,1,-5.41610040220442
20190921,영서,8,-3.3366588605245844
20190921,영상,4,-4.029806041084529
20190921,영사관,1,-5.41610040220442
20190921,영동,3,-4.31748811353631
20190921,영남,1,-5.41610040220442
20190921,영국,1,-5.41610040220442
20190921,엿새,1,-5.41610040220442
20190921,열혈,1,-5.41610040220442
20190921,열창,1,-5.41610040220442
20190921,열병,3,-4.31748811353631
20190921,연합회,1,-5.41610040220442
20190921,연천군,3,-4.31748811353631
20190921,연천,8,-3.3366588605245844
20190921,연장선,1,-5.41610040220442
20190921,연예인,1,-5.41610040220442
20190921,연습,1,-5.41610040220442
20190921,연수생,1,-5.41610040220442
20190921,연쇄살인사건,2,-4.722953221644475
20190921,연쇄살인범,1,-5.41610040220442
20190921,연쇄살인,4,-4.029806041084529
20190921,연쇄,1,-5.41610040220442
20190921,연세대,2,-4.722953221644475
20190921,연상,1,-5.41610040220442
20190921,연방질병통제예방센터,1,-5.41610040220442
20190921,연방질병,1,-5.41610040220442
20190921,연령대,1,-5.41610040220442
20190921,연대모임,1,-5.41610040220442
20190921,연다,1,-5.41610040220442
20190921,연기,1,-5.41610040220442
20190921,연구팀,1,-5.41610040220442
20190921,연구자,2,-4.722953221644475
20190921,연구원들,1,-5.41610040220442
20190921,연구원,3,-4.31748811353631
20190921,연구실장,1,-5.41610040220442
20190921,연구소장,1,-5.41610040220442
20190921,연구소,1,-5.41610040220442
20190921,연구관,1,-5.41610040220442
20190921,연관성,4,-4.029806041084529
20190921,연공제,1,-5.41610040220442
20190921,역전,1,-5.41610040220442
20190921,역삼동,1,-5.41610040220442
20190921,여행객,1,-5.41610040220442
20190921,여학생,1,-5.41610040220442
20190921,여자친구,1,-5.41610040220442
20190921,여자아이,1,-5.41610040220442
20190921,여의도,1,-5.41610040220442
20190921,여수시,1,-5.41610040220442
20190921,여수,2,-4.722953221644475
20190921,여성환경연대,1,-5.41610040220442
20190921,여성청결제,1,-5.41610040220442
20190921,여성벤처협회,1,-5.41610040220442
20190921,여성들,5,-3.8066624897703196
20190921,여성,4,-4.029806041084529
20190921,여부,4,-4.029806041084529
20190921,여름방학,1,-5.41610040220442
20190921,여론,1,-5.41610040220442
20190921,여권,1,-5.41610040220442
20190921,여객선,2,-4.722953221644475
20190921,여객기,1,-5.41610040220442
20190921,에이치플러스,1,-5.41610040220442
20190921,에돔,2,-4.722953221644475
20190921,업체들,1,-5.41610040220442
20190921,엄선희,1,-5.41610040220442
20190921,엄마들,1,-5.41610040220442
20190921,엄마,1,-5.41610040220442
20190921,언더아머,1,-5.41610040220442
20190921,어획량,1,-5.41610040220442
20190921,어민들,1,-5.41610040220442
20190921,어린이집,1,-5.41610040220442
20190921,어린아이,1,-5.41610040220442
20190921,어리목,1,-5.41610040220442
20190921,어놔,1,-5.41610040220442
20190921,양형,1,-5.41610040220442
20190921,양현아,2,-4.722953221644475
20190921,양현석,2,-4.722953221644475
20190921,양평,2,-4.722953221644475
20190921,양양군,1,-5.41610040220442
20190921,양식장,1,-5.41610040220442
20190921,양승태,1,-5.41610040220442
20190921,양성종양,1,-5.41610040220442
20190921,양돈농장,1,-5.41610040220442
20190921,양돈농가들,1,-5.41610040220442
20190921,양돈농가,1,-5.41610040220442
20190921,양고기,1,-5.41610040220442
20190921,약자,1,-5.41610040220442
20190921,야생동물,1,-5.41610040220442
20190921,야곱,1,-5.41610040220442
20190921,액상형,1,-5.41610040220442
20190921,액상,1,-5.41610040220442
20190921,애로사항,1,-5.41610040220442
20190921,애굽,1,-5.41610040220442
20190921,애견,1,-5.41610040220442
20190921,앞발,1,-5.41610040220442
20190921,앞바다,14,-2.7770430725891617
20190921,압수수색,10,-3.1135153092103742
20190921,압수,1,-5.41610040220442
20190921,알파gpc,1,-5.41610040220442
20190921,안현진,1,-5.41610040220442
20190921,안전조치,1,-5.41610040220442
20190921,안전수칙,1,-5.41610040220442
20190921,안전사고,2,-4.722953221644475
20190921,안전불감증,1,-5.41610040220442
20190921,안전,1,-5.41610040220442
20190921,안영배,1,-5.41610040220442
20190921,안여옥,1,-5.41610040220442
20190921,안산병원,1,-5.41610040220442
20190921,안미현,1,-5.41610040220442
20190921,안대표,1,-5.41610040220442
20190921,안녕리,2,-4.722953221644475
20190921,안녕동,1,-5.41610040220442
20190921,안나푸르나,1,-5.41610040220442
20190921,안경덕,1,-5.41610040220442
20190921,악화,1,-5.41610040220442
20190921,악영향,2,-4.722953221644475
20190921,악성종양,1,-5.41610040220442
20190921,악성도,1,-5.41610040220442
20190921,아프리카돼지열병,12,-2.9311937524164198
20190921,아프리카,13,-2.8511510447428834
20190921,아프로디테,1,-5.41610040220442
20190921,아파트,1,-5.41610040220442
20190921,아침기온,1,-5.41610040220442
20190921,아주대,1,-5.41610040220442
20190921,아이와,1,-5.41610040220442
20190921,아이스크림,1,-5.41610040220442
20190921,아이들,12,-2.9311937524164198
20190921,아이나라,2,-4.722953221644475
20190921,아이,4,-4.029806041084529
20190921,아우렐리우스,1,-5.41610040220442
20190921,아빠,1,-5.41610040220442
20190921,아버지,1,-5.41610040220442
20190921,아론,1,-5.41610040220442
20190921,아라뱃길,1,-5.41610040220442
20190921,아들,5,-3.8066624897703196
20190921,아동학대,2,-4.722953221644475
20190921,아동학,1,-5.41610040220442
20190921,아내,1,-5.41610040220442
20190921,아나운서,1,-5.41610040220442
20190921,아기,2,-4.722953221644475
20190921,씨크릿우먼,1,-5.41610040220442
20190921,쓸개즙,1,-5.41610040220442
20190921,쓰시마,1,-5.41610040220442
20190921,쌍용차,1,-5.41610040220442
20190921,쌍용자동차,1,-5.41610040220442
20190921,심장질환,1,-5.41610040220442
20190921,실제,1,-5.41610040220442
20190921,실시간,2,-4.722953221644475
20190921,실버클라우드호,1,-5.41610040220442
20190921,실검,1,-5.41610040220442
20190921,신혼여행,1,-5.41610040220442
20190921,신해철씨,1,-5.41610040220442
20190921,신해철,1,-5.41610040220442
20190921,신청서,2,-4.722953221644475
20190921,신종길,1,-5.41610040220442
20190921,신조어,1,-5.41610040220442
20190921,신재경,1,-5.41610040220442
20190921,신입직원,1,-5.41610040220442
20190921,신입생,2,-4.722953221644475
20190921,신원확인,1,-5.41610040220442
20190921,신원,1,-5.41610040220442
20190921,신용카드,3,-4.31748811353631
20190921,신약성경,1,-5.41610040220442
20190921,신앙고백,1,-5.41610040220442
20190921,신씨,1,-5.41610040220442
20190921,신승환,1,-5.41610040220442
20190921,신속처리안건,1,-5.41610040220442
20190921,신설법인,1,-5.41610040220442
20190921,신생아,1,-5.41610040220442
20190921,신상정보,1,-5.41610040220442
20190921,신분증,1,-5.41610040220442
20190921,신변,1,-5.41610040220442
20190921,신뢰도,2,-4.722953221644475
20190921,신랑,1,-5.41610040220442
20190921,신도들,1,-5.41610040220442
20190921,신도,1,-5.41610040220442
20190921,신기술,1,-5.41610040220442
20190921,신고자,2,-4.722953221644475
20190921,신고가,9,-3.2188758248682006
20190921,신고,4,-4.029806041084529
20190921,신경조직,1,-5.41610040220442
20190921,신경전달물질,1,-5.41610040220442
20190921,신경과,1,-5.41610040220442
20190921,식탁,1,-5.41610040220442
20190921,식이요법,1,-5.41610040220442
20190921,식물,1,-5.41610040220442
20190921,식당,2,-4.722953221644475
20190921,시험관,1,-5.41610040220442
20190921,시청자들,2,-4.722953221644475
20190921,시청자,4,-4.029806041084529
20190921,시장,1,-5.41610040220442
20190921,시작,1,-5.41610040220442
20190921,시신,3,-4.31748811353631
20190921,시설물,5,-3.8066624897703196
20190921,시사,1,-5.41610040220442
20190921,시민사회,1,-5.41610040220442
20190921,시민들,1,-5.41610040220442
20190921,시민권,1,-5.41610040220442
20190921,시댁,1,-5.41610040220442
20190921,시공관리,1,-5.41610040220442
20190921,시간대별,1,-5.41610040220442
20190921,시간당,9,-3.2188758248682006
20190921,시간date,7,-3.4701902531491067
20190921,시각,1,-5.41610040220442
20190921,승차감,1,-5.41610040220442
20190921,승진누락,1,-5.41610040220442
20190921,승진,1,-5.41610040220442
20190921,승용차,1,-5.41610040220442
20190921,승객들,2,-4.722953221644475
20190921,습벽,1,-5.41610040220442
20190921,스타,1,-5.41610040220442
20190921,스쿼트,1,-5.41610040220442
20190921,슈퍼맨,1,-5.41610040220442
20190921,슈돌,1,-5.41610040220442
20190921,슈가맨,1,-5.41610040220442
20190921,숲속창의력학교,1,-5.41610040220442
20190921,순환휴직,1,-5.41610040220442
20190921,순간,2,-4.722953221644475
20190921,수제화,1,-5.41610040220442
20190921,수입차,1,-5.41610040220442
20190921,수익자,1,-5.41610040220442
20190921,수익성,1,-5.41610040220442
20190921,수익금,1,-5.41610040220442
20190921,수원지검,2,-4.722953221644475
20190921,수원,8,-3.3366588605245844
20190921,수용자,1,-5.41610040220442
20190921,수영만,1,-5.41610040220442
20190921,수여식,1,-5.41610040220442
20190921,수업시간,1,-5.41610040220442
20190921,수시모집,1,-5.41610040220442
20190921,수술실,3,-4.31748811353631
20190921,수술비,1,-5.41610040220442
20190921,수술대,1,-5.41610040220442
20190921,수산물,1,-5.41610040220442
20190921,수사팀,2,-4.722953221644475
20190921,수사처,1,-5.41610040220442
20190921,수사중,1,-5.41610040220442
20190921,수사자료,1,-5.41610040220442
20190921,수사의뢰,1,-5.41610040220442
20190921,수사선상,1,-5.41610040220442
20190921,수사본부,4,-4.029806041084529
20190921,수사망,1,-5.41610040220442
20190921,수사기록,1,-5.41610040220442
20190921,수사기관,1,-5.41610040220442
20190921,수사권,3,-4.31748811353631
20190921,수사관들,1,-5.41610040220442
20190921,수사관,4,-4.029806041084529
20190921,수사과장,1,-5.41610040220442
20190921,수사,5,-3.8066624897703196
20190921,수법,1,-5.41610040220442
20190921,수면제,1,-5.41610040220442
20190921,수도권,5,-3.8066624897703196
20190921,수도관,1,-5.41610040220442
20190921,수도,1,-5.41610040220442
20190921,수뇌부,1,-5.41610040220442
20190921,수납원들,1,-5.41610040220442
20190921,수납원,1,-5.41610040220442
20190921,수급자,1,-5.41610040220442
20190921,수급권자,1,-5.41610040220442
20190921,수감자,1,-5.41610040220442
20190921,쇼핑,1,-5.41610040220442
20190921,송파구,2,-4.722953221644475
20190921,송치,1,-5.41610040220442
20190921,송출,1,-5.41610040220442
20190921,송도컨벤시아,1,-5.41610040220442
20190921,송도,1,-5.41610040220442
20190921,송당,1,-5.41610040220442
20190921,송가인,1,-5.41610040220442
20190921,손혜원,1,-5.41610040220442
20190921,손해배상,1,-5.41610040220442
20190921,손팻말,1,-5.41610040220442
20190921,손님,1,-5.41610040220442
20190921,소프트웨어,1,-5.41610040220442
20190921,소청심사위,1,-5.41610040220442
20190921,소지품,1,-5.41610040220442
20190921,소장,1,-5.41610040220442
20190921,소요시간,1,-5.41610040220442
20190921,소아백내장,1,-5.41610040220442
20190921,소수자,1,-5.41610040220442
20190921,소송,1,-5.41610040220442
20190921,소셜네트워크서비스,2,-4.722953221644475
20190921,소셜,2,-4.722953221644475
20190921,소비자들,1,-5.41610040220442
20190921,소비자가격,1,-5.41610040220442
20190921,소비자,1,-5.41610040220442
20190921,소방청,1,-5.41610040220442
20190921,소방준감,1,-5.41610040220442
20190921,소방정감,1,-5.41610040220442
20190921,소방서,1,-5.41610040220442
20190921,소방사,1,-5.41610040220442
20190921,소방당국,3,-4.31748811353631
20190921,소방관,1,-5.41610040220442
20190921,소득증대,1,-5.41610040220442
20190921,소동,1,-5.41610040220442
20190921,소독,1,-5.41610040220442
20190921,소년보호사건,1,-5.41610040220442
20190921,셔터맨,1,-5.41610040220442
20190921,센터장,3,-4.31748811353631
20190921,센터,1,-5.41610040220442
20190921,세탁기,1,-5.41610040220442
20190921,세종시,1,-5.41610040220442
20190921,세종문화회관,2,-4.722953221644475
20190921,세종대로,2,-4.722953221644475
20190921,세종,2,-4.722953221644475
20190921,세젤예,1,-5.41610040220442
20190921,세운상가,1,-5.41610040220442
20190921,세상,1,-5.41610040220442
20190921,세계일보,2,-4.722953221644475
20190921,세계시민의식,1,-5.41610040220442
20190921,세계관,1,-5.41610040220442
20190921,성희롱,1,-5.41610040220442
20190921,성형수술,1,-5.41610040220442
20190921,성폭행,2,-4.722953221644475
20190921,성폭력,5,-3.8066624897703196
20190921,성취도,1,-5.41610040220442
20190921,성추행,4,-4.029806041084529
20190921,성차별,1,-5.41610040220442
20190921,성접대,3,-4.31748811353631
20190921,성인발달연구,1,-5.41610040220442
20190921,성의식,1,-5.41610040220442
20190921,성옹지소록,1,-5.41610040220442
20190921,성역할,1,-5.41610040220442
20190921,성소수자,1,-5.41610040220442
20190921,성산,1,-5.41610040220442
20190921,성보호,1,-5.41610040220442
20190921,성범죄자,1,-5.41610040220442
20190921,성범죄,3,-4.31748811353631
20190921,성모병원,1,-5.41610040220442
20190921,성명서,1,-5.41610040220442
20190921,성맹환,1,-5.41610040220442
20190921,성매매,2,-4.722953221644475
20190921,성도착증,2,-4.722953221644475
20190921,성도착,2,-4.722953221644475
20190921,성도들,1,-5.41610040220442
20190921,성도,1,-5.41610040220442
20190921,성노예,1,-5.41610040220442
20190921,성남지청,2,-4.722953221644475
20190921,성남,1,-5.41610040220442
20190921,성관계,2,-4.722953221644475
20190921,설치안,1,-5.41610040220442
20190921,설치,1,-5.41610040220442
20190921,설악산,1,-5.41610040220442
20190921,설명회,2,-4.722953221644475
20190921,선포자,1,-5.41610040220442
20190921,선택,2,-4.722953221644475
20190921,선자,1,-5.41610040220442
20190921,선임연구원,1,-5.41610040220442
20190921,선수들,1,-5.41610040220442
20190921,선생님,1,-5.41610040220442
20190921,선비들,1,-5.41610040220442
20190921,선배들,1,-5.41610040220442
20190921,선배님,1,-5.41610040220442
20190921,선발대,1,-5.41610040220442
20190921,선교사,1,-5.41610040220442
20190921,선공,1,-5.41610040220442
20190921,선곡,1,-5.41610040220442
20190921,선고,1,-5.41610040220442
20190921,석좌교수,1,-5.41610040220442
20190921,서해,1,-5.41610040220442
20190921,서지현,2,-4.722953221644475
20190921,서정석,1,-5.41610040220442
20190921,서장훈,1,-5.41610040220442
20190921,서유헌,1,-5.41610040220442
20190921,서울행정법원,1,-5.41610040220442
20190921,서울지하철,1,-5.41610040220442
20190921,서울지역,1,-5.41610040220442
20190921,서울지방경찰청,1,-5.41610040220442
20190921,서울중앙지검,13,-2.8511510447428834
20190921,서울자사고교장연합회,1,-5.41610040220442
20190921,서울시장,1,-5.41610040220442
20190921,서울시상,1,-5.41610040220442
20190921,서울시교육청,1,-5.41610040220442
20190921,서울시교육감,1,-5.41610040220442
20190921,서울시,3,-4.31748811353631
20190921,서울북부지검,1,-5.41610040220442
20190921,서울도심,1,-5.41610040220442
20190921,서울도시장,1,-5.41610040220442
20190921,서울도,1,-5.41610040220442
20190921,서울대전대구부산,1,-5.41610040220442
20190921,서울대,15,-2.70805020110221
20190921,서울남부지법,1,-5.41610040220442
20190921,서울고법,1,-5.41610040220442
20190921,서울고검,2,-4.722953221644475
20190921,서울경찰청,3,-4.31748811353631
20190921,서울,41,-1.7025283355001122
20190921,서식지,1,-5.41610040220442
20190921,서소문,1,-5.41610040220442
20190921,서부서,1,-5.41610040220442
20190921,서부,1,-5.41610040220442
20190921,서범욱,1,-5.41610040220442
20190921,서면질의,1,-5.41610040220442
20190921,서류전형,1,-5.41610040220442
20190921,서대문역,1,-5.41610040220442
20190921,서대문구,2,-4.722953221644475
20190921,서귀포,12,-2.9311937524164198
20190921,서경덕,1,-5.41610040220442
20190921,서경대,1,-5.41610040220442
20190921,서강대,1,-5.41610040220442
20190921,생활비,1,-5.41610040220442
20190921,생활,2,-4.722953221644475
20190921,생태계,1,-5.41610040220442
20190921,생중계,1,-5.41610040220442
20190921,생존율,1,-5.41610040220442
20190921,생애회상,1,-5.41610040220442
20190921,생식기,1,-5.41610040220442
20190921,생석회,2,-4.722953221644475
20190921,생산성,1,-5.41610040220442
20190921,생명체,1,-5.41610040220442
20190921,생명,1,-5.41610040220442
20190921,생각,2,-4.722953221644475
20190921,샘스클럽,1,-5.41610040220442
20190921,샘스,1,-5.41610040220442
20190921,새뮤얼,1,-5.41610040220442
20190921,상황실,2,-4.722953221644475
20190921,상해,2,-4.722953221644475
20190921,상품가치,1,-5.41610040220442
20190921,상임위원,2,-4.722953221644475
20190921,상응,1,-5.41610040220442
20190921,상위권,1,-5.41610040220442
20190921,상습도박,1,-5.41610040220442
20190921,상수도사업본부,1,-5.41610040220442
20190921,상수도관,2,-4.722953221644475
20190921,상속세,1,-5.41610040220442
20190921,상반기,1,-5.41610040220442
20190921,상근부대변인,1,-5.41610040220442
20190921,삼산월드체육관,1,-5.41610040220442
20190921,살처분,1,-5.41610040220442
20190921,살인사건,2,-4.722953221644475
20190921,살인범,1,-5.41610040220442
20190921,살인,2,-4.722953221644475
20190921,산후조리원,1,-5.41610040220442
20190921,산후조리비,1,-5.41610040220442
20190921,산천단,1,-5.41610040220442
20190921,산지,1,-5.41610040220442
20190921,산업화,1,-5.41610040220442
20190921,산양,1,-5.41610040220442
20190921,산악인,1,-5.41610040220442
20190921,산사태,2,-4.722953221644475
20190921,사회학,2,-4.722953221644475
20190921,사회의,5,-3.8066624897703196
20190921,사회부,1,-5.41610040220442
20190921,사회봉사,3,-4.31748811353631
20190921,사회문제,1,-5.41610040220442
20190921,사회관계,1,-5.41610040220442
20190921,사항,1,-5.41610040220442
20190921,사측,1,-5.41610040220442
20190921,사진전,1,-5.41610040220442
20190921,사진기사,1,-5.41610040220442
20190921,사진,1,-5.41610040220442
20190921,사장님,1,-5.41610040220442
20190921,사장,1,-5.41610040220442
20190921,사육시설,1,-5.41610040220442
20190921,사용,1,-5.41610040220442
20190921,사업장,1,-5.41610040220442
20190921,사업자,1,-5.41610040220442
20190921,사업본부,1,-5.41610040220442
20190921,사업가,1,-5.41610040220442
20190921,사업,1,-5.41610040220442
20190921,사실상,9,-3.2188758248682006
20190921,사실관계,2,-4.722953221644475
20190921,사법적,1,-5.41610040220442
20190921,사법연수원,1,-5.41610040220442
20190921,사법연감,2,-4.722953221644475
20190921,사법부,1,-5.41610040220442
20190921,사물함,1,-5.41610040220442
20190921,사문서,2,-4.722953221644475
20190921,사무총장,1,-5.41610040220442
20190921,사무처,1,-5.41610040220442
20190921,사무실,4,-4.029806041084529
20190921,사무국장,1,-5.41610040220442
20190921,사모펀드,6,-3.624340932976365
20190921,사명감,1,-5.41610040220442
20190921,사망자,1,-5.41610040220442
20190921,사망,2,-4.722953221644475
20190921,사립학교,1,-5.41610040220442
20190921,사료효율,1,-5.41610040220442
20190921,사람인,1,-5.41610040220442
20190921,사람들,7,-3.4701902531491067
20190921,사람,2,-4.722953221644475
20190921,사돈,1,-5.41610040220442
20190921,사도신경,1,-5.41610040220442
20190921,사기죄,1,-5.41610040220442
20190921,사기성,1,-5.41610040220442
20190921,사기병,1,-5.41610040220442
20190921,사교육비,1,-5.41610040220442
20190921,사교육,2,-4.722953221644475
20190921,사고,4,-4.029806041084529
20190921,사건처리,1,-5.41610040220442
20190921,사건기록,1,-5.41610040220442
20190921,사건,5,-3.8066624897703196
20190921,사걱세,1,-5.41610040220442
20190921,쁘띠프랑스,1,-5.41610040220442
20190921,뺀질이,1,-5.41610040220442
20190921,비하인드,1,-5.41610040220442
20190921,비정규직,2,-4.722953221644475
20190921,비영리법인,1,-5.41610040220442
20190921,비상상황,1,-5.41610040220442
20190921,비상경영,1,-5.41610040220442
20190921,비바람,6,-3.624340932976365
20190921,비밀봉지,1,-5.41610040220442
20190921,비닐하우스,1,-5.41610040220442
20190921,비구름,1,-5.41610040220442
20190921,비교과,1,-5.41610040220442
20190921,비공개,2,-4.722953221644475
20190921,비고시,1,-5.41610040220442
20190921,비검사,1,-5.41610040220442
20190921,블록놀이,1,-5.41610040220442
20190921,블로그,1,-5.41610040220442
20190921,브루겐,1,-5.41610040220442
20190921,불후,1,-5.41610040220442
20190921,불필요,1,-5.41610040220442
20190921,불평등,1,-5.41610040220442
20190921,불의,1,-5.41610040220442
20190921,불성실,1,-5.41610040220442
20190921,불복,1,-5.41610040220442
20190921,불법,1,-5.41610040220442
20190921,불뱀,1,-5.41610040220442
20190921,불매운동,2,-4.722953221644475
20190921,불기소,2,-4.722953221644475
20190921,불구속,1,-5.41610040220442
20190921,불교,2,-4.722953221644475
20190921,불공정,2,-4.722953221644475
20190921,불가능,4,-4.029806041084529
20190921,분홍색,1,-5.41610040220442
20190921,분풀이식,1,-5.41610040220442
20190921,분포,4,-4.029806041084529
20190921,분비물,2,-4.722953221644475
20190921,분들,2,-4.722953221644475
20190921,분노,1,-5.41610040220442
20190921,분께,1,-5.41610040220442
20190921,북한지원,1,-5.41610040220442
20190921,북태평양,1,-5.41610040220442
20190921,북일본,1,-5.41610040220442
20190921,북상,1,-5.41610040220442
20190921,북북서,3,-4.31748811353631
20190921,북동풍,1,-5.41610040220442
20190921,북동쪽,2,-4.722953221644475
20190921,부평구,1,-5.41610040220442
20190921,부총장,1,-5.41610040220442
20190921,부조화,1,-5.41610040220442
20190921,부정청탁,1,-5.41610040220442
20190921,부정입학,1,-5.41610040220442
20190921,부장판사,4,-4.029806041084529
20190921,부장검사,9,-3.2188758248682006
20190921,부장,1,-5.41610040220442
20190921,부잣집,1,-5.41610040220442
20190921,부작용,3,-4.31748811353631
20190921,부자연,1,-5.41610040220442
20190921,부인,1,-5.41610040220442
20190921,부유층,1,-5.41610040220442
20190921,부서,1,-5.41610040220442
20190921,부상,1,-5.41610040220442
20190921,부산항,1,-5.41610040220442
20190921,부산지역,1,-5.41610040220442
20190921,부산지법,1,-5.41610040220442
20190921,부산지검,1,-5.41610040220442
20190921,부산시청사,1,-5.41610040220442
20190921,부산시,1,-5.41610040220442
20190921,부산대,3,-4.31748811353631
20190921,부산교도소,2,-4.722953221644475
20190921,부산광역시,1,-5.41610040220442
20190921,부산,29,-2.048804572217946
20190921,부사장,1,-5.41610040220442
20190921,부분파업,1,-5.41610040220442
20190921,부분조명,1,-5.41610040220442
20190921,부부장,2,-4.722953221644475
20190921,부모들,1,-5.41610040220442
20190921,부모님,1,-5.41610040220442
20190921,부모교육,1,-5.41610040220442
20190921,부동산,1,-5.41610040220442
20190921,부대변인,2,-4.722953221644475
20190921,부단체장,1,-5.41610040220442
20190921,부국장,1,-5.41610040220442
20190921,부검,2,-4.722953221644475
20190921,부가가치,1,-5.41610040220442
20190921,봉준호,1,-5.41610040220442
20190921,봄봄이,1,-5.41610040220442
20190921,봄봄,1,-5.41610040220442
20190921,본인들,1,-5.41610040220442
20190921,본부장,1,-5.41610040220442
20190921,본부,1,-5.41610040220442
20190921,본보기,1,-5.41610040220442
20190921,복지재단,1,-5.41610040220442
20190921,복지부,1,-5.41610040220442
20190921,복역,1,-5.41610040220442
20190921,복선전철,1,-5.41610040220442
20190921,복구,2,-4.722953221644475
20190921,보호관찰,1,-5.41610040220442
20190921,보행데크,1,-5.41610040220442
20190921,보증금,1,-5.41610040220442
20190921,보존제,1,-5.41610040220442
20190921,보조제,1,-5.41610040220442
20190921,보장,1,-5.41610040220442
20190921,보디빌더,1,-5.41610040220442
20190921,보고서,2,-4.722953221644475
20190921,보건의료,1,-5.41610040220442
20190921,보건소,1,-5.41610040220442
20190921,보건복지부,1,-5.41610040220442
20190921,보건당국,1,-5.41610040220442
20190921,병원,2,-4.722953221644475
20190921,병역기피,1,-5.41610040220442
20190921,병명,1,-5.41610040220442
20190921,변화,2,-4.722953221644475
20190921,변호인,1,-5.41610040220442
20190921,변호사,4,-4.029806041084529
20190921,변수남,1,-5.41610040220442
20190921,벼농사,1,-5.41610040220442
20190921,베트남인들,1,-5.41610040220442
20190921,베트남인,1,-5.41610040220442
20190921,베트남,2,-4.722953221644475
20190921,베일런트,1,-5.41610040220442
20190921,베이스캠프,1,-5.41610040220442
20190921,베르소,1,-5.41610040220442
20190921,법학전문대학원,1,-5.41610040220442
20190921,법치주의,1,-5.41610040220442
20190921,법조항,1,-5.41610040220442
20190921,법조인들,1,-5.41610040220442
20190921,법조인,1,-5.41610040220442
20190921,법조계,10,-3.1135153092103742
20190921,법정구속,1,-5.41610040220442
20190921,법인세율,1,-5.41610040220442
20190921,법인세,1,-5.41610040220442
20190921,법의학,1,-5.41610040220442
20190921,법원행정처,2,-4.722953221644475
20190921,법무장관,2,-4.722953221644475
20190921,법무부장관,2,-4.722953221644475
20190921,법무부,25,-2.1972245773362196
20190921,법률안,1,-5.41610040220442
20190921,범행공백기,1,-5.41610040220442
20190921,범행,1,-5.41610040220442
20190921,범죄자,2,-4.722953221644475
20190921,벌금형,2,-4.722953221644475
20190921,번동,1,-5.41610040220442
20190921,번개탄,1,-5.41610040220442
20190921,번개맨,1,-5.41610040220442
20190921,버티고,1,-5.41610040220442
20190921,버닝썬,1,-5.41610040220442
20190921,백학면,1,-5.41610040220442
20190921,백지화,1,-5.41610040220442
20190921,배풍,2,-4.722953221644475
20190921,배우자관계,1,-5.41610040220442
20190921,배신감,1,-5.41610040220442
20190921,배수장,1,-5.41610040220442
20190921,배란기,1,-5.41610040220442
20190921,방통위,1,-5.41610040220442
20190921,방침,1,-5.41610040220442
20190921,방지,1,-5.41610040220442
20190921,방점,1,-5.41610040220442
20190921,방이동,1,-5.41610040220442
20190921,방역체계,1,-5.41610040220442
20190921,방역대,5,-3.8066624897703196
20190921,방역당국,1,-5.41610040220442
20190921,방역관,2,-4.722953221644475
20190921,방역,1,-5.41610040220442
20190921,방어기제,1,-5.41610040220442
20190921,방어권,1,-5.41610040220442
20190921,방송통신위원장,2,-4.722953221644475
20190921,방송사,1,-5.41610040220442
20190921,방송,7,-3.4701902531491067
20190921,방문해,2,-4.722953221644475
20190921,방문기,1,-5.41610040220442
20190921,방문,1,-5.41610040220442
20190921,방광암,1,-5.41610040220442
20190921,밥상,1,-5.41610040220442
20190921,발효중,1,-5.41610040220442
20190921,발효,2,-4.722953221644475
20190921,발족,1,-5.41610040220442
20190921,발전,1,-5.41610040220442
20190921,발의자,1,-5.41610040220442
20190921,발언권,1,-5.41610040220442
20190921,발생,3,-4.31748811353631
20190921,발병,9,-3.2188758248682006
20190921,발급,1,-5.41610040220442
20190921,발견,4,-4.029806041084529
20190921,받침대,1,-5.41610040220442
20190921,반조국,1,-5.41610040220442
20190921,반정우,1,-5.41610040220442
20190921,반전,1,-5.41610040220442
20190921,반응,1,-5.41610040220442
20190921,반론보도문,1,-5.41610040220442
20190921,반론보도,1,-5.41610040220442
20190921,박여라,1,-5.41610040220442
20190921,박양우,1,-5.41610040220442
20190921,박슬기,2,-4.722953221644475
20190921,박세리,1,-5.41610040220442
20190921,박범섭,1,-5.41610040220442
20190921,박명수,1,-5.41610040220442
20190921,박두호,1,-5.41610040220442
20190921,박남춘,1,-5.41610040220442
20190921,박남기,1,-5.41610040220442
20190921,바울,2,-4.722953221644475
20190921,바오로,1,-5.41610040220442
20190921,바람,4,-4.029806041084529
20190921,바다,1,-5.41610040220442
20190921,바네아,1,-5.41610040220442
20190921,바깥귀,1,-5.41610040220442
20190921,바깥,1,-5.41610040220442
20190921,민주평화당,1,-5.41610040220442
20190921,민주주의,1,-5.41610040220442
20190921,민주당,3,-4.31748811353631
20190921,민정수석,1,-5.41610040220442
20190921,민영화,1,-5.41610040220442
20190921,민수기,1,-5.41610040220442
20190921,민변,1,-5.41610040220442
20190921,민법,1,-5.41610040220442
20190921,민민홍,1,-5.41610040220442
20190921,민물고기,2,-4.722953221644475
20190921,민간단체,1,-5.41610040220442
20190921,미혜,1,-5.41610040220442
20190921,미제사건,1,-5.41610040220442
20190921,미야자키,2,-4.722953221644475
20190921,미신고,1,-5.41610040220442
20190921,미수범,1,-5.41610040220442
20190921,미소,1,-5.41610040220442
20190921,미선,1,-5.41610040220442
20190921,미생물,1,-5.41610040220442
20190921,미만,1,-5.41610040220442
20190921,미디에이터,1,-5.41610040220442
20190921,미디언,1,-5.41610040220442
20190921,미디벌,1,-5.41610040220442
20190921,미국,11,-3.0182051294060495
20190921,미공개정보,1,-5.41610040220442
20190921,뮤지컬,1,-5.41610040220442
20190921,물폭탄,2,-4.722953221644475
20190921,물타기,2,-4.722953221644475
20190921,물량,1,-5.41610040220442
20190921,물놀이,1,-5.41610040220442
20190921,물결,1,-5.41610040220442
20190921,물건,1,-5.41610040220442
20190921,문화체육관광부,1,-5.41610040220442
20190921,문화재,1,-5.41610040220442
20190921,문화교류,1,-5.41610040220442
20190921,문현군,1,-5.41610040220442
20190921,문학평론가,1,-5.41610040220442
20190921,문준용,2,-4.722953221644475
20190921,문제점,4,-4.029806041084529
20190921,문제시,1,-5.41610040220442
20190921,문재인정권,1,-5.41610040220442
20190921,문재인,11,-3.0182051294060495
20190921,문자,1,-5.41610040220442
20190921,문유진,1,-5.41610040220442
20190921,문씨,2,-4.722953221644475
20190921,문성현,1,-5.41610040220442
20190921,무혐의,1,-5.41610040220442
20190921,무소속,1,-5.41610040220442
20190921,무분별,1,-5.41610040220442
20190921,무릎,1,-5.41610040220442
20190921,무기징역,4,-4.029806041084529
20190921,묘지,1,-5.41610040220442
20190921,몸무게,1,-5.41610040220442
20190921,몰염치,1,-5.41610040220442
20190921,목포,1,-5.41610040220442
20190921,목소리,1,-5.41610040220442
20190921,목동,2,-4.722953221644475
20190921,모텔행,2,-4.722953221644475
20190921,모습,1,-5.41610040220442
20190921,모세,1,-5.41610040220442
20190921,모범수,2,-4.722953221644475
20190921,모방범죄,1,-5.41610040220442
20190921,모델,1,-5.41610040220442
20190921,모국어,1,-5.41610040220442
20190921,명절,1,-5.41610040220442
20190921,명일동,1,-5.41610040220442
20190921,명예훼손,1,-5.41610040220442
20190921,명예교수,1,-5.41610040220442
20190921,명예,1,-5.41610040220442
20190921,명암법,1,-5.41610040220442
20190921,명소,1,-5.41610040220442
20190921,명곡,1,-5.41610040220442
20190921,면허취소,2,-4.722953221644475
20190921,면허정지,1,-5.41610040220442
20190921,멜로망스,1,-5.41610040220442
20190921,메틸파라벤,1,-5.41610040220442
20190921,메시테스,1,-5.41610040220442
20190921,메소포타미아,1,-5.41610040220442
20190921,메소스,1,-5.41610040220442
20190921,메소,1,-5.41610040220442
20190921,메디우스,1,-5.41610040220442
20190921,메디아레,1,-5.41610040220442
20190921,머슴살이,1,-5.41610040220442
20190921,맹활약,1,-5.41610040220442
20190921,매물도,1,-5.41610040220442
20190921,매몰지,3,-4.31748811353631
20190921,말레이시아,2,-4.722953221644475
20190921,말들,2,-4.722953221644475
20190921,만큼,4,-4.029806041084529
20190921,만성질환,1,-5.41610040220442
20190921,막내딸,1,-5.41610040220442
20190921,마포구,1,-5.41610040220442
20190921,마음,1,-5.41610040220442
20190921,마산회원구,1,-5.41610040220442
20190921,마리,13,-2.8511510447428834
20190921,마르쿠스,1,-5.41610040220442
20190921,마르케스,1,-5.41610040220442
20190921,링링,3,-4.31748811353631
20190921,리처드,1,-5.41610040220442
20190921,리액션,1,-5.41610040220442
20190921,리브가,1,-5.41610040220442
20190921,류연중,1,-5.41610040220442
20190921,류석춘,1,-5.41610040220442
20190921,로젠펠드,1,-5.41610040220442
20190921,로마,2,-4.722953221644475
20190921,레벨별,1,-5.41610040220442
20190921,레드코어밸류업,1,-5.41610040220442
20190921,럭셔리,1,-5.41610040220442
20190921,러블리,1,-5.41610040220442
20190921,라포르,1,-5.41610040220442
20190921,라포,1,-5.41610040220442
20190921,라틴어,1,-5.41610040220442
20190921,라치몬트,1,-5.41610040220442
20190921,라마다,1,-5.41610040220442
20190921,라디오쇼,1,-5.41610040220442
20190921,라건아,1,-5.41610040220442
20190921,딤전,1,-5.41610040220442
20190921,디지털뉴스팀,1,-5.41610040220442
20190921,등하원,2,-4.722953221644475
20190921,등산객,1,-5.41610040220442
20190921,등록센서스,1,-5.41610040220442
20190921,드라큘라,1,-5.41610040220442
20190921,두족류,1,-5.41610040220442
20190921,두족,1,-5.41610040220442
20190921,두리,1,-5.41610040220442
20190921,두레자연,1,-5.41610040220442
20190921,두레국제학교,1,-5.41610040220442
20190921,돼지열병,13,-2.8511510447428834
20190921,돼지농장,2,-4.722953221644475
20190921,돼지농가,1,-5.41610040220442
20190921,돼지고기,2,-4.722953221644475
20190921,돼지,1,-5.41610040220442
20190921,동해안,16,-2.643511679964639
20190921,동해수산연구소,1,-5.41610040220442
20190921,동해수산,1,-5.41610040220442
20190921,동해상,1,-5.41610040220442
20190921,동해,6,-3.624340932976365
20190921,동정민,1,-5.41610040220442
20190921,동일범,1,-5.41610040220442
20190921,동의서,1,-5.41610040220442
20190921,동요,1,-5.41610040220442
20190921,동양대,3,-4.31748811353631
20190921,동아일보,1,-5.41610040220442
20190921,동아대병원,1,-5.41610040220442
20190921,동성애자,1,-5.41610040220442
20190921,동성고,1,-5.41610040220442
20190921,동성,1,-5.41610040220442
20190921,동사무소,1,-5.41610040220442
20190921,동분서주,1,-5.41610040220442
20190921,동북동쪽,1,-5.41610040220442
20190921,동방우,1,-5.41610040220442
20190921,동맥경화,1,-5.41610040220442
20190921,동료,1,-5.41610040220442
20190921,동두천,4,-4.029806041084529
20190921,동남쪽,1,-5.41610040220442
20190921,동남동쪽,2,-4.722953221644475
20190921,동국대,1,-5.41610040220442
20190921,돌직,1,-5.41610040220442
20190921,독도,13,-2.8511510447428834
20190921,도카시마지마,1,-5.41610040220442
20190921,도축장,1,-5.41610040220442
20190921,도착편,1,-5.41610040220442
20190921,도진,1,-5.41610040220442
20190921,도우미,2,-4.722953221644475
20190921,도서지역,1,-5.41610040220442
20190921,도민들,1,-5.41610040220442
20190921,도망자,1,-5.41610040220442
20190921,도로공사,1,-5.41610040220442
20190921,도로,1,-5.41610040220442
20190921,도널드,1,-5.41610040220442
20190921,도내,1,-5.41610040220442
20190921,데뷔곡,1,-5.41610040220442
20190921,데드리프트,1,-5.41610040220442
20190921,덕천리,1,-5.41610040220442
20190921,더블유에프엠,1,-5.41610040220442
20190921,더불어민주당,3,-4.31748811353631
20190921,대회,1,-5.41610040220442
20190921,대화내용,1,-5.41610040220442
20190921,대화,1,-5.41610040220442
20190921,대형마트,1,-5.41610040220442
20190921,대한해협,3,-4.31748811353631
20190921,대한변호사회,1,-5.41610040220442
20190921,대한민국농구협회,1,-5.41610040220442
20190921,대한민국,3,-4.31748811353631
20190921,대학입시,1,-5.41610040220442
20190921,대학원,1,-5.41610040220442
20190921,대학생,3,-4.31748811353631
20190921,대학로,1,-5.41610040220442
20190921,대학들,1,-5.41610040220442
20190921,대학교수,2,-4.722953221644475
20190921,대학교,1,-5.41610040220442
20190921,대학,1,-5.41610040220442
20190921,대피,1,-5.41610040220442
20190921,대표이사,1,-5.41610040220442
20190921,대표원장,1,-5.41610040220442
20190921,대표단,1,-5.41610040220442
20190921,대표가,1,-5.41610040220442
20190921,대표,3,-4.31748811353631
20190921,대통령경호처,1,-5.41610040220442
20190921,대통령,2,-4.722953221644475
20190921,대테러술,1,-5.41610040220442
20190921,대철,1,-5.41610040220442
20190921,대척,1,-5.41610040220442
20190921,대처,1,-5.41610040220442
20190921,대질신문,1,-5.41610040220442
20190921,대정,1,-5.41610040220442
20190921,대전세종충남,1,-5.41610040220442
20190921,대전,1,-5.41610040220442
20190921,대입제도,1,-5.41610040220442
20190921,대우,2,-4.722953221644475
20190921,대언자,1,-5.41610040220442
20190921,대안학교,1,-5.41610040220442
20190921,대안점,1,-5.41610040220442
20190921,대속물,1,-5.41610040220442
20190921,대상자,1,-5.41610040220442
20190921,대북한,1,-5.41610040220442
20190921,대변인,2,-4.722953221644475
20190921,대법원장,2,-4.722953221644475
20190921,대법원,10,-3.1135153092103742
20190921,대법관,2,-4.722953221644475
20190921,대문어,1,-5.41610040220442
20190921,대명천지,1,-5.41610040220442
20190921,대명사,1,-5.41610040220442
20190921,대면조사,1,-5.41610040220442
20190921,대덕연구단지,1,-5.41610040220442
20190921,대기업,1,-5.41610040220442
20190921,대규모,3,-4.31748811353631
20190921,대구지법,1,-5.41610040220442
20190921,대구,7,-3.4701902531491067
20190921,대광고,1,-5.41610040220442
20190921,대강당,1,-5.41610040220442
20190921,대가성,1,-5.41610040220442
20190921,당협위원장,1,-5.41610040220442
20190921,당직자,1,-5.41610040220442
20190921,당사자들,1,-5.41610040220442
20190921,당사자,1,-5.41610040220442
20190921,당부,1,-5.41610040220442
20190921,당기순이익,1,-5.41610040220442
20190921,당곡고,1,-5.41610040220442
20190921,당고개역,1,-5.41610040220442
20190921,답변서,1,-5.41610040220442
20190921,담배,1,-5.41610040220442
20190921,담력,1,-5.41610040220442
20190921,담낭절제술,1,-5.41610040220442
20190921,담낭,1,-5.41610040220442
20190921,단체,1,-5.41610040220442
20190921,단시간,1,-5.41610040220442
20190921,단서조항,1,-5.41610040220442
20190921,단맛,1,-5.41610040220442
20190921,닥홍,1,-5.41610040220442
20190921,다운스테이트,1,-5.41610040220442
20190921,다양성,1,-5.41610040220442
20190921,다솔,1,-5.41610040220442
20190921,다문화,1,-5.41610040220442
20190921,다리,1,-5.41610040220442
20190921,다년간,1,-5.41610040220442
20190921,다남교,3,-4.31748811353631
20190921,다각도,1,-5.41610040220442
20190921,닝보,1,-5.41610040220442
20190921,능력자,1,-5.41610040220442
20190921,뉴질랜드,1,-5.41610040220442
20190921,뉴욕주립대학,1,-5.41610040220442
20190921,뉴욕주,1,-5.41610040220442
20190921,뉴욕,2,-4.722953221644475
20190921,뉴시스,3,-4.31748811353631
20190921,뉴스쇼,1,-5.41610040220442
20190921,뉴스룸,1,-5.41610040220442
20190921,뉴스a,1,-5.41610040220442
20190921,눈앞,1,-5.41610040220442
20190921,눈물,1,-5.41610040220442
20190921,눈길,1,-5.41610040220442
20190921,누트로픽,1,-5.41610040220442
20190921,누수,2,-4.722953221644475
20190921,누락,1,-5.41610040220442
20190921,뇌혈관,1,-5.41610040220442
20190921,뇌하수체선종,1,-5.41610040220442
20190921,뇌하수체,1,-5.41610040220442
20190921,뇌출혈,1,-5.41610040220442
20190921,뇌종양,1,-5.41610040220442
20190921,뇌신경,1,-5.41610040220442
20190921,뇌수막종,1,-5.41610040220442
20190921,뇌경색,1,-5.41610040220442
20190921,농협,1,-5.41610040220442
20190921,농장주들,1,-5.41610040220442
20190921,농장주,1,-5.41610040220442
20190921,농장,2,-4.722953221644475
20190921,농작물,3,-4.31748811353631
20190921,농식품부,9,-3.2188758248682006
20190921,농림축산식품부,7,-3.4701902531491067
20190921,농림축산검역본부,2,-4.722953221644475
20190921,농구월드컵,1,-5.41610040220442
20190921,농가들,1,-5.41610040220442
20190921,놀이공원,1,-5.41610040220442
20190921,놀라움,1,-5.41610040220442
20190921,녹취록,1,-5.41610040220442
20190921,녹음기,1,-5.41610040220442
20190921,녹원씨엔아이,1,-5.41610040220442
20190921,노조원들,1,-5.41610040220442
20190921,노조원,1,-5.41610040220442
20190921,노원구,1,-5.41610040220442
20190921,노엘,1,-5.41610040220442
20190921,노무현정부,1,-5.41610040220442
20190921,노무현,2,-4.722953221644475
20190921,노래방,1,-5.41610040220442
20190921,노래,1,-5.41610040220442
20190921,노동자,1,-5.41610040220442
20190921,노동시장,1,-5.41610040220442
20190921,넥센,1,-5.41610040220442
20190921,네트워크,5,-3.8066624897703196
20190921,네안데르탈인,1,-5.41610040220442
20190921,네덜란드,1,-5.41610040220442
20190921,내음,1,-5.41610040220442
20190921,내외부,1,-5.41610040220442
20190921,내분비,1,-5.41610040220442
20190921,내부,1,-5.41610040220442
20190921,남해안,14,-2.7770430725891617
20190921,남해군,2,-4.722953221644475
20190921,남해,8,-3.3366588605245844
20190921,남학생,1,-5.41610040220442
20190921,남쪽,12,-2.9311937524164198
20190921,남자친구,1,-5.41610040220442
20190921,남자아이,1,-5.41610040220442
20190921,남인순,1,-5.41610040220442
20190921,남이섬,1,-5.41610040220442
20190921,남원,1,-5.41610040220442
20190921,남양주시,1,-5.41610040220442
20190921,남양주,1,-5.41610040220442
20190921,남아,1,-5.41610040220442
20190921,남성들,1,-5.41610040220442
20190921,남성,1,-5.41610040220442
20190921,남서쪽,1,-5.41610040220442
20190921,남북한,1,-5.41610040220442
20190921,남부지방,5,-3.8066624897703196
20190921,남면,1,-5.41610040220442
20190921,남들,2,-4.722953221644475
20190921,남동쪽,1,-5.41610040220442
20190921,남동부,1,-5.41610040220442
20190921,남남서쪽,1,-5.41610040220442
20190921,날씨,5,-3.8066624897703196
20190921,난임,1,-5.41610040220442
20190921,난기류,1,-5.41610040220442
20190921,낚싯배,1,-5.41610040220442
20190921,낚시어선,1,-5.41610040220442
20190921,낙하물,2,-4.722953221644475
20190921,낙인,1,-5.41610040220442
20190921,낙과,1,-5.41610040220442
20190921,나하시,1,-5.41610040220442
20190921,나프로,1,-5.41610040220442
20190921,나은이,1,-5.41610040220442
20190921,나얼,1,-5.41610040220442
20190921,나무들,1,-5.41610040220442
20190921,나무가,1,-5.41610040220442
20190921,나무,1,-5.41610040220442
20190921,나라,2,-4.722953221644475
20190921,나경원,8,-3.3366588605245844
20190921,꽃향기,1,-5.41610040220442
20190921,꽃다발,1,-5.41610040220442
20190921,꼭두각시,1,-5.41610040220442
20190921,껌딱지,1,-5.41610040220442
20190921,김혜정,1,-5.41610040220442
20190921,김혜연,1,-5.41610040220442
20190921,김혜선,1,-5.41610040220442
20190921,김현정,2,-4.722953221644475
20190921,김현일,1,-5.41610040220442
20190921,김현수,3,-4.31748811353631
20190921,김현석,1,-5.41610040220442
20190921,김해숙,1,-5.41610040220442
20190921,김해공항,1,-5.41610040220442
20190921,김하경,1,-5.41610040220442
20190921,김포행,1,-5.41610040220442
20190921,김포,1,-5.41610040220442
20190921,김철경,1,-5.41610040220442
20190921,김창오,1,-5.41610040220442
20190921,김진홍,1,-5.41610040220442
20190921,김진,1,-5.41610040220442
20190921,김종명,1,-5.41610040220442
20190921,김정덕,1,-5.41610040220442
20190921,김인건,1,-5.41610040220442
20190921,김윤자,1,-5.41610040220442
20190921,김용찬,1,-5.41610040220442
20190921,김영란법,1,-5.41610040220442
20190921,김영란,1,-5.41610040220442
20190921,김씨,7,-3.4701902531491067
20190921,김시근씨,2,-4.722953221644475
20190921,김시근,3,-4.31748811353631
20190921,김수남,2,-4.722953221644475
20190921,김선현,1,-5.41610040220442
20190921,김서경,1,-5.41610040220442
20190921,김보림씨,1,-5.41610040220442
20190921,김보림,1,-5.41610040220442
20190921,김병욱,1,-5.41610040220442
20190921,김동혁,2,-4.722953221644475
20190921,김규진,1,-5.41610040220442
20190921,김구라,1,-5.41610040220442
20190921,김계조,1,-5.41610040220442
20190921,긴급재난문자,1,-5.41610040220442
20190921,긴급,2,-4.722953221644475
20190921,기후행동정상회의,1,-5.41610040220442
20190921,기후위기,3,-4.31748811353631
20190921,기후변화,4,-4.029806041084529
20190921,기획조정실장,1,-5.41610040220442
20190921,기획사,1,-5.41610040220442
20190921,기태영,1,-5.41610040220442
20190921,기지국,1,-5.41610040220442
20190921,기준,1,-5.41610040220442
20190921,기재부,1,-5.41610040220442
20190921,기자회견,2,-4.722953221644475
20190921,기자들,2,-4.722953221644475
20190921,기자간담회,1,-5.41610040220442
20190921,기원전,1,-5.41610040220442
20190921,기온,4,-4.029806041084529
20190921,기업인,1,-5.41610040220442
20190921,기억,1,-5.41610040220442
20190921,기상청,38,-1.7785142424780345
20190921,기사,1,-5.41610040220442
20190921,기분,1,-5.41610040220442
20190921,기본급,1,-5.41610040220442
20190921,기본권,1,-5.41610040220442
20190921,기득권,1,-5.41610040220442
20190921,기독교,1,-5.41610040220442
20190921,기대여명,1,-5.41610040220442
20190921,기능사,1,-5.41610040220442
20190921,기념일,1,-5.41610040220442
20190921,기구,1,-5.41610040220442
20190921,급증,1,-5.41610040220442
20190921,급여청구,1,-5.41610040220442
20190921,급발진,1,-5.41610040220442
20190921,급경사지,2,-4.722953221644475
20190921,금태섭,1,-5.41610040220442
20190921,금융기관,1,-5.41610040220442
20190921,금융권,1,-5.41610040220442
20190921,금속노조,1,-5.41610040220442
20190921,글들,1,-5.41610040220442
20190921,근처,1,-5.41610040220442
20190921,근육강화제,1,-5.41610040220442
20190921,근속자,1,-5.41610040220442
20190921,근로자위원,1,-5.41610040220442
20190921,근로자,1,-5.41610040220442
20190921,근거대,1,-5.41610040220442
20190921,극적,1,-5.41610040220442
20190921,극복,1,-5.41610040220442
20190921,그해,1,-5.41610040220442
20190921,그중,1,-5.41610040220442
20190921,그림책,1,-5.41610040220442
20190921,그리스어,1,-5.41610040220442
20190921,그리스도,1,-5.41610040220442
20190921,그리,1,-5.41610040220442
20190921,그레이스로드,1,-5.41610040220442
20190921,그동안,4,-4.029806041084529
20190921,규제,1,-5.41610040220442
20190921,규슈,2,-4.722953221644475
20190921,귓병,1,-5.41610040220442
20190921,궤도공사,1,-5.41610040220442
20190921,권한,2,-4.722953221644475
20190921,권태면,1,-5.41610040220442
20190921,권칠승,1,-5.41610040220442
20190921,권력형,1,-5.41610040220442
20190921,권고,1,-5.41610040220442
20190921,궁금증,2,-4.722953221644475
20190921,군산시,1,-5.41610040220442
20190921,군산,1,-5.41610040220442
20190921,국회의원,2,-4.722953221644475
20190921,국회,2,-4.722953221644475
20190921,국제협력,1,-5.41610040220442
20190921,국제선,2,-4.722953221644475
20190921,국제공항,1,-5.41610040220442
20190921,국제경제학,1,-5.41610040220442
20190921,국제경쟁력,1,-5.41610040220442
20190921,국정과제,1,-5.41610040220442
20190921,국적심의위원회,1,-5.41610040220442
20190921,국적,1,-5.41610040220442
20190921,국세분,1,-5.41610040220442
20190921,국민청원,1,-5.41610040220442
20190921,국민일보,2,-4.722953221644475
20190921,국민연금공단,1,-5.41610040220442
20190921,국민연금,1,-5.41610040220442
20190921,국민들,2,-4.722953221644475
20190921,국무위원,1,-5.41610040220442
20190921,국립중앙박물관,1,-5.41610040220442
20190921,국립수산과학원,2,-4.722953221644475
20190921,국립대,1,-5.41610040220442
20190921,국립과학수사연구원,1,-5.41610040220442
20190921,국립공원,1,-5.41610040220442
20190921,국립,1,-5.41610040220442
20190921,국과수,4,-4.029806041084529
20190921,국가유공자,1,-5.41610040220442
20190921,국가대표,1,-5.41610040220442
20190921,구조,1,-5.41610040220442
20190921,구제역,1,-5.41610040220442
20190921,구씨,1,-5.41610040220442
20190921,구속영장,1,-5.41610040220442
20190921,구속수사,1,-5.41610040220442
20190921,구속기소,1,-5.41610040220442
20190921,구세군자선냄비본부,1,-5.41610040220442
20190921,구세군,1,-5.41610040220442
20190921,구성,1,-5.41610040220442
20190921,구명조끼,1,-5.41610040220442
20190921,구름대,1,-5.41610040220442
20190921,구례군,2,-4.722953221644475
20190921,구례,2,-4.722953221644475
20190921,구간,1,-5.41610040220442
20190921,교통혼잡,1,-5.41610040220442
20190921,교통통제,1,-5.41610040220442
20190921,교통난,1,-5.41610040220442
20190921,교통,1,-5.41610040220442
20190921,교장선생님,1,-5.41610040220442
20190921,교장들,1,-5.41610040220442
20190921,교장단,1,-5.41610040220442
20190921,교인들,1,-5.41610040220442
20190921,교육청,1,-5.41610040220442
20190921,교육원,1,-5.41610040220442
20190921,교육부,3,-4.31748811353631
20190921,교원소청,1,-5.41610040220442
20190921,교수들,1,-5.41610040220442
20190921,교사진,1,-5.41610040220442
20190921,교도소,3,-4.31748811353631
20190921,광화문,6,-3.624340932976365
20190921,광주지법,1,-5.41610040220442
20190921,광주전남,1,-5.41610040220442
20190921,광주여대,1,-5.41610040220442
20190921,광주교대,1,-5.41610040220442
20190921,광주,5,-3.8066624897703196
20190921,광우병,1,-5.41610040220442
20190921,광역수사대,2,-4.722953221644475
20190921,광역단체,1,-5.41610040220442
20190921,광고회사pd,1,-5.41610040220442
20190921,관찰법,1,-5.41610040220442
20190921,관리청,1,-5.41610040220442
20190921,관련자들,2,-4.722953221644475
20190921,관련자,4,-4.029806041084529
20190921,관련성,1,-5.41610040220442
20190921,관광부,1,-5.41610040220442
20190921,관광,1,-5.41610040220442
20190921,관계자들,1,-5.41610040220442
20190921,관계자,31,-1.9821131977192739
20190921,관계기관,2,-4.722953221644475
20190921,곽창희,1,-5.41610040220442
20190921,곽상도,1,-5.41610040220442
20190921,곽대경,1,-5.41610040220442
20190921,과학수사,1,-5.41610040220442
20190921,과학고,1,-5.41610040220442
20190921,과학,1,-5.41610040220442
20190921,과태료,1,-5.41610040220442
20190921,과천,1,-5.41610040220442
20190921,과잉반응,1,-5.41610040220442
20190921,과세표준,1,-5.41610040220442
20190921,과기유한,1,-5.41610040220442
20190921,과기,1,-5.41610040220442
20190921,공항,1,-5.41610040220442
20190921,공표죄,1,-5.41610040220442
20190921,공포증,1,-5.41610040220442
20190921,공통점,1,-5.41610040220442
20190921,공터,1,-5.41610040220442
20190921,공직자,1,-5.41610040220442
20190921,공정성,1,-5.41610040220442
20190921,공장식,1,-5.41610040220442
20190921,공익인권법센터,2,-4.722953221644475
20190921,공익위원,1,-5.41610040220442
20190921,공원,1,-5.41610040220442
20190921,공소시효,2,-4.722953221644475
20190921,공세,1,-5.41610040220442
20190921,공사장,1,-5.41610040220442
20190921,공사대금,7,-3.4701902531491067
20190921,공사,2,-4.722953221644475
20190921,공백기,3,-4.31748811353631
20190921,공무집행방해,1,-5.41610040220442
20190921,공무원,1,-5.41610040220442
20190921,공론,1,-5.41610040220442
20190921,공동묘지,1,-5.41610040220442
20190921,공기업,1,-5.41610040220442
20190921,공교육,2,-4.722953221644475
20190921,공공기관,1,-5.41610040220442
20190921,공개적,1,-5.41610040220442
20190921,공개수배,1,-5.41610040220442
20190921,공개,1,-5.41610040220442
20190921,공갈범,1,-5.41610040220442
20190921,골프장,3,-4.31748811353631
20190921,골프공,1,-5.41610040220442
20190921,골목,1,-5.41610040220442
20190921,고형곤,7,-3.4701902531491067
20190921,고혈압,1,-5.41610040220442
20190921,고지혈증,1,-5.41610040220442
20190921,고정관념,1,-5.41610040220442
20190921,고재근,1,-5.41610040220442
20190921,고위직,1,-5.41610040220442
20190921,고위공직자범죄수사처,1,-5.41610040220442
20190921,고용노동부,1,-5.41610040220442
20190921,고영직,1,-5.41610040220442
20190921,고영륜씨,1,-5.41610040220442
20190921,고영륜,1,-5.41610040220442
20190921,고양시,1,-5.41610040220442
20190921,고소장,2,-4.722953221644475
20190921,고성,1,-5.41610040220442
20190921,고산병,1,-5.41610040220442
20190921,고산,1,-5.41610040220442
20190921,고발장,1,-5.41610040220442
20190921,고발인,2,-4.722953221644475
20190921,고린도전,1,-5.41610040220442
20190921,고린도,1,-5.41610040220442
20190921,고령사회,1,-5.41610040220442
20190921,고려종합건설,1,-5.41610040220442
20190921,고려시티개발,5,-3.8066624897703196
20190921,고려대,3,-4.31748811353631
20190921,고라,1,-5.41610040220442
20190921,고등학생,2,-4.722953221644475
20190921,고등학교,4,-4.029806041084529
20190921,고도비,1,-5.41610040220442
20190921,고기압,2,-4.722953221644475
20190921,고군분투,1,-5.41610040220442
20190921,고교생,1,-5.41610040220442
20190921,고공농성,1,-5.41610040220442
20190921,고가,1,-5.41610040220442
20190921,계양구,3,-4.31748811353631
20190921,계양경찰서,3,-4.31748811353631
20190921,계약일,3,-4.31748811353631
20190921,계급화,1,-5.41610040220442
20190921,경호처,1,-5.41610040220442
20190921,경호관들,1,-5.41610040220442
20190921,경호관,1,-5.41610040220442
20190921,경험담,1,-5.41610040220442
20190921,경찰청,7,-3.4701902531491067
20190921,경찰조사,1,-5.41610040220442
20190921,경찰서,2,-4.722953221644475
20190921,경찰,10,-3.1135153092103742
20190921,경조사,1,-5.41610040220442
20190921,경조금,1,-5.41610040220442
20190921,경제학,1,-5.41610040220442
20190921,경제성,1,-5.41610040220442
20190921,경제사회노동위원회,1,-5.41610040220442
20190921,경쟁력,2,-4.722953221644475
20190921,경인일보,1,-5.41610040220442
20190921,경인아라뱃길,3,-4.31748811353631
20190921,경위,1,-5.41610040220442
20190921,경영학,1,-5.41610040220442
20190921,경상도,3,-4.31748811353631
20190921,경상,1,-5.41610040220442
20190921,경사노위,1,-5.41610040220442
20190921,경북,3,-4.31748811353631
20190921,경보,1,-5.41610040220442
20190921,경남해안,1,-5.41610040220442
20190921,경남소방본부,1,-5.41610040220442
20190921,경남,21,-2.371577964480997
20190921,경기진행요원,1,-5.41610040220442
20190921,경기북부,3,-4.31748811353631
20190921,경기도,11,-3.0182051294060495
20190921,경기대,4,-4.029806041084529
20190921,경기남부지방경찰청,1,-5.41610040220442
20190921,경기남부경찰청,3,-4.31748811353631
20190921,경기남부,1,-5.41610040220442
20190921,경기남,4,-4.029806041084529
20190921,경기,3,-4.31748811353631
20190921,경계심,1,-5.41610040220442
20190921,결혼식,2,-4.722953221644475
20190921,결혼생활,1,-5.41610040220442
20190921,결혼,1,-5.41610040220442
20190921,결항,1,-5.41610040220442
20190921,결과,1,-5.41610040220442
20190921,격상,1,-5.41610040220442
20190921,격려금,1,-5.41610040220442
20190921,게시판,1,-5.41610040220442
20190921,검투사,1,-5.41610040220442
20190921,검토,1,-5.41610040220442
20190921,검찰총장,2,-4.722953221644475
20190921,검찰청,3,-4.31748811353631
20190921,검찰수사,1,-5.41610040220442
20190921,검찰기,1,-5.41610040220442
20190921,검찰권,1,-5.41610040220442
20190921,검찰개혁,5,-3.8066624897703196
20190921,검찰,5,-3.8066624897703196
20190921,검식,1,-5.41610040220442
20190921,검색어,1,-5.41610040220442
20190921,검사장,2,-4.722953221644475
20190921,검사들,5,-3.8066624897703196
20190921,검사,3,-4.31748811353631
20190921,검경,2,-4.722953221644475
20190921,걸작들,1,-5.41610040220442
20190921,건후,1,-5.41610040220442
20190921,건입동,1,-5.41610040220442
20190921,건오,1,-5.41610040220442
20190921,건설공사장,1,-5.41610040220442
20190921,건물주,1,-5.41610040220442
20190921,건대,1,-5.41610040220442
20190921,건나파블리,1,-5.41610040220442
20190921,건나블리,1,-5.41610040220442
20190921,건국대충주병원,1,-5.41610040220442
20190921,건국대,1,-5.41610040220442
20190921,건강의집,1,-5.41610040220442
20190921,건강의,1,-5.41610040220442
20190921,건강식품,1,-5.41610040220442
20190921,건강보험공단,1,-5.41610040220442
20190921,건강기능식품,1,-5.41610040220442
20190921,거짓말,5,-3.8066624897703196
20190921,거주지,1,-5.41610040220442
20190921,거제,1,-5.41610040220442
20190921,거점소독시설,1,-5.41610040220442
20190921,거래법,1,-5.41610040220442
20190921,개혁,2,-4.722953221644475
20190921,개항장,1,-5.41610040220442
20190921,개통령,1,-5.41610040220442
20190921,개정안,2,-4.722953221644475
20190921,개정법률안,1,-5.41610040220442
20190921,개정,1,-5.41610040220442
20190921,개인회생,1,-5.41610040220442
20190921,개인정보,2,-4.722953221644475
20190921,개인사업자,1,-5.41610040220442
20190921,개발협력,1,-5.41610040220442
20190921,개그우먼,1,-5.41610040220442
20190921,개그맨,1,-5.41610040220442
20190921,개구리소년,1,-5.41610040220442
20190921,강화제,1,-5.41610040220442
20190921,강화도,2,-4.722953221644475
20190921,강화,1,-5.41610040220442
20190921,강호순,1,-5.41610040220442
20190921,강풍특보,1,-5.41610040220442
20190921,강풍주의보,3,-4.31748811353631
20190921,강풍경보,1,-5.41610040220442
20190921,강풍,4,-4.029806041084529
20190921,강제추행,2,-4.722953221644475
20190921,강제징용,1,-5.41610040220442
20190921,강제수사,1,-5.41610040220442
20190921,강제력,1,-5.41610040220442
20190921,강의실,1,-5.41610040220442
20190921,강원영서남부,1,-5.41610040220442
20190921,강원영동,1,-5.41610040220442
20190921,강원영,1,-5.41610040220442
20190921,강원랜드,1,-5.41610040220442
20190921,강원도,4,-4.029806041084529
20190921,강원,12,-2.9311937524164198
20190921,강아지,1,-5.41610040220442
20190921,강수량,5,-3.8066624897703196
20190921,강성연,1,-5.41610040220442
20190921,강석재,1,-5.41610040220442
20190921,강사비,1,-5.41610040220442
20190921,강북구,1,-5.41610040220442
20190921,강명주,1,-5.41610040220442
20190921,강릉,4,-4.029806041084529
20190921,강동구,1,-5.41610040220442
20190921,강도,1,-5.41610040220442
20190921,강남경찰서,1,-5.41610040220442
20190921,강남,1,-5.41610040220442
20190921,강기정,1,-5.41610040220442
20190921,갑질,1,-5.41610040220442
20190921,감식,1,-5.41610040220442
20190921,감수성,1,-5.41610040220442
20190921,감소추세,1,-5.41610040220442
20190921,감성적,1,-5.41610040220442
20190921,갈비뼈,1,-5.41610040220442
20190921,간호사,2,-4.722953221644475
20190921,간접영향권,1,-5.41610040220442
20190921,간부급,1,-5.41610040220442
20190921,간병,1,-5.41610040220442
20190921,가향,1,-5.41610040220442
20190921,가해자,2,-4.722953221644475
20190921,가학적,1,-5.41610040220442
20190921,가톨릭,1,-5.41610040220442
20190921,가치관,1,-5.41610040220442
20190921,가치,1,-5.41610040220442
20190921,가천대,1,-5.41610040220442
20190921,가처분,1,-5.41610040220442
20190921,가짜뉴스,2,-4.722953221644475
20190921,가짜,2,-4.722953221644475
20190921,가족펀드,1,-5.41610040220442
20190921,가정폭력행위자,1,-5.41610040220442
20190921,가정폭력,2,-4.722953221644475
20190921,가정보호사건,1,-5.41610040220442
20190921,가정보호,1,-5.41610040220442
20190921,가입자,2,-4.722953221644475
20190921,가을기억,1,-5.41610040220442
20190921,가을,1,-5.41610040220442
20190921,가야면,1,-5.41610040220442
20190921,가부장제,1,-5.41610040220442
20190921,가두행진,1,-5.41610040220442
20190921,가데스,1,-5.41610040220442
20190921,가능성,25,-2.1972245773362196
20190921,가급적,1,-5.41610040220442
20190921,渡嘉敷島,1,-5.41610040220442
20190921,沖繩,1,-5.41610040220442
20190921,樂土,1,-5.41610040220442
20190921,敗色,1,-5.41610040220442
20190921,宮崎,2,-4.722953221644475
20190921,仲保者,1,-5.41610040220442
20190921,九州,1,-5.41610040220442
20190921,久米島,1,-5.41610040220442
20190921,yoroyal,1,-5.41610040220442
20190921,yg,2,-4.722953221644475
20190921,wind,1,-5.41610040220442
20190921,voluntarily,1,-5.41610040220442
20190921,u골프장,1,-5.41610040220442
20190921,tw,1,-5.41610040220442
20190921,tv,3,-4.31748811353631
20190921,tried,1,-5.41610040220442
20190921,suspicions,1,-5.41610040220442
20190921,station,1,-5.41610040220442
20190921,son,1,-5.41610040220442
20190921,sns,1,-5.41610040220442
20190921,shear,1,-5.41610040220442
20190921,sbs,2,-4.722953221644475
20190921,saying,1,-5.41610040220442
20190921,rapper,1,-5.41610040220442
20190921,police,1,-5.41610040220442
20190921,person,1,-5.41610040220442
20190921,pd,1,-5.41610040220442
20190921,motorcyclist,1,-5.41610040220442
20190921,meso,1,-5.41610040220442
20190921,medieval,1,-5.41610040220442
20190921,mediator,1,-5.41610040220442
20190921,median,1,-5.41610040220442
20190921,media,1,-5.41610040220442
20190921,man,1,-5.41610040220442
20190921,la총영사관,1,-5.41610040220442
20190921,kbs,5,-3.8066624897703196
20190921,kba,1,-5.41610040220442
20190921,jtbc,3,-4.31748811353631
20190921,i전기,1,-5.41610040220442
20190921,i사,1,-5.41610040220442
20190921,imf,1,-5.41610040220442
20190921,id,1,-5.41610040220442
20190921,gm,1,-5.41610040220442
20190921,d씨,2,-4.722953221644475
20190921,driving,1,-5.41610040220442
20190921,dna,9,-3.2188758248682006
20190921,discussion,1,-5.41610040220442
20190921,debate,1,-5.41610040220442
20190921,c씨,2,-4.722953221644475
20190921,crash,1,-5.41610040220442
20190921,collision,1,-5.41610040220442
20190921,chang,1,-5.41610040220442
20190921,ceo,1,-5.41610040220442
20190921,cdc,1,-5.41610040220442
20190921,cc,1,-5.41610040220442
20190921,cbs,1,-5.41610040220442
20190921,causing,1,-5.41610040220442
20190921,b씨,6,-3.624340932976365
20190921,a씨,15,-2.70805020110221
20190921,a병원,1,-5.41610040220442
20190921,a농가,1,-5.41610040220442
20190921,attempting,1,-5.41610040220442
20190921,asf,10,-3.1135153092103742
20190921,arrived,1,-5.41610040220442
20190921,appeared,1,-5.41610040220442
20190921,alcohol,1,-5.41610040220442
20190921,ai,1,-5.41610040220442
20190921,admitted,1,-5.41610040220442
